PurchaseOrderID,RevisionNumber,Status,EmployeeID,VendorID,ProductID,OrderQty,UnitPrice,LineTotal,OrderDate,ShipMethod,ShipBase,ShipRate,ShipDate,SubTotal,TaxAmt,Freight,TotalDue,DueDate,ReceivedQty,RejectedQty,StockedQty
1,0,4,244,83,1,4,50.26,201.04,"2001-05-17 00:00:00","OVERSEAS - DELUXE",29.95,2.99,"2001-05-26 00:00:00",201.04,16.0832,5.026,222.1492,"2001-05-31 00:00:00",3.00,0.00,3.00
2,0,1,231,32,360,3,45.5805,136.7415,"2001-05-17 00:00:00","CARGO TRANSPORT 5",8.99,1.49,"2001-05-26 00:00:00",272.1015,21.7681,6.8025,300.6721,"2001-05-31 00:00:00",3.00,0.00,3.00
2,0,1,231,32,359,3,45.12,135.36,"2001-05-17 00:00:00","CARGO TRANSPORT 5",8.99,1.49,"2001-05-26 00:00:00",272.1015,21.7681,6.8025,300.6721,"2001-05-31 00:00:00",3.00,0.00,3.00
3,0,4,241,38,530,550,16.086,8847.3,"2001-05-17 00:00:00","ZY - EXPRESS",9.95,1.99,"2001-05-26 00:00:00",8847.3,707.784,221.1825,9776.2665,"2001-05-31 00:00:00",550.00,0.00,550.00
4,0,3,266,85,4,3,57.0255,171.0765,"2001-05-17 00:00:00","CARGO TRANSPORT 5",8.99,1.49,"2001-05-26 00:00:00",171.0765,13.6861,4.2769,189.0395,"2001-05-31 00:00:00",2.00,1.00,1.00
5,0,4,164,92,512,550,37.086,20397.3,"2001-05-31 00:00:00","OVERNIGHT J-FAST",21.95,1.29,"2001-06-09 00:00:00",20397.3,1631.784,509.9325,22539.0165,"2001-06-14 00:00:00",550.00,0.00,550.00
6,0,4,223,11,513,550,26.5965,14628.075,"2001-05-31 00:00:00","OVERSEAS - DELUXE",29.95,2.99,"2001-06-09 00:00:00",14628.075,1170.246,365.7019,16164.0229,"2001-06-14 00:00:00",468.00,0.00,468.00
7,0,4,233,84,319,550,46.0635,25334.925,"2001-05-31 00:00:00","OVERSEAS - DELUXE",29.95,2.99,"2001-06-09 00:00:00",58685.55,4694.844,1467.1388,64847.5328,"2001-06-14 00:00:00",550.00,0.00,550.00
7,0,4,233,84,318,550,33.579,18468.45,"2001-05-31 00:00:00","OVERSEAS - DELUXE",29.95,2.99,"2001-06-09 00:00:00",58685.55,4694.844,1467.1388,64847.5328,"2001-06-14 00:00:00",550.00,0.00,550.00
7,0,4,233,84,317,550,27.0585,14882.175,"2001-05-31 00:00:00","OVERSEAS - DELUXE",29.95,2.99,"2001-06-09 00:00:00",58685.55,4694.844,1467.1388,64847.5328,"2001-06-14 00:00:00",550.00,0.00,550.00
8,0,4,238,78,407,3,43.2705,129.8115,"2001-05-31 00:00:00","CARGO TRANSPORT 5",8.99,1.49,"2001-06-09 00:00:00",693.378,55.4702,17.3345,766.1827,"2001-06-14 00:00:00",3.00,0.00,3.00
8,0,4,238,78,406,3,45.3705,136.1115,"2001-05-31 00:00:00","CARGO TRANSPORT 5",8.99,1.49,"2001-06-09 00:00:00",693.378,55.4702,17.3345,766.1827,"2001-06-14 00:00:00",3.00,0.00,3.00
8,0,4,238,78,405,3,49.644,148.932,"2001-05-31 00:00:00","CARGO TRANSPORT 5",8.99,1.49,"2001-06-09 00:00:00",693.378,55.4702,17.3345,766.1827,"2001-06-14 00:00:00",3.00,0.00,3.00
8,0,4,238,78,404,3,45.3705,136.1115,"2001-05-31 00:00:00","CARGO TRANSPORT 5",8.99,1.49,"2001-06-09 00:00:00",693.378,55.4702,17.3345,766.1827,"2001-06-14 00:00:00",3.00,0.00,3.00
8,0,4,238,78,403,3,47.4705,142.4115,"2001-05-31 00:00:00","CARGO TRANSPORT 5",8.99,1.49,"2001-06-09 00:00:00",693.378,55.4702,17.3345,766.1827,"2001-06-14 00:00:00",3.00,0.00,3.00
9,1,4,261,74,426,3,43.323,129.969,"2002-01-14 00:00:00","CARGO TRANSPORT 5",8.99,1.49,"2002-01-23 00:00:00",694.1655,55.5332,17.3541,767.0528,"2002-01-28 00:00:00",3.00,0.00,3.00
9,1,4,261,74,425,3,45.423,136.269,"2002-01-14 00:00:00","CARGO TRANSPORT 5",8.99,1.49,"2002-01-23 00:00:00",694.1655,55.5332,17.3541,767.0528,"2002-01-28 00:00:00",3.00,0.00,3.00
9,1,4,261,74,424,3,49.6965,149.0895,"2002-01-14 00:00:00","CARGO TRANSPORT 5",8.99,1.49,"2002-01-23 00:00:00",694.1655,55.5332,17.3541,767.0528,"2002-01-28 00:00:00",3.00,0.00,3.00
9,1,4,261,74,423,3,45.423,136.269,"2002-01-14 00:00:00","CARGO TRANSPORT 5",8.99,1.49,"2002-01-23 00:00:00",694.1655,55.5332,17.3541,767.0528,"2002-01-28 00:00:00",3.00,0.00,3.00
9,1,4,261,74,422,3,47.523,142.569,"2002-01-14 00:00:00","CARGO TRANSPORT 5",8.99,1.49,"2002-01-23 00:00:00",694.1655,55.5332,17.3541,767.0528,"2002-01-28 00:00:00",3.00,0.00,3.00
10,0,4,274,13,322,60,25.4205,1525.23,"2002-01-14 00:00:00","CARGO TRANSPORT 5",8.99,1.49,"2002-01-23 00:00:00",1796.0355,143.6828,44.9009,1984.6192,"2002-01-28 00:00:00",60.00,0.00,60.00
10,0,4,274,13,321,3,42.798,128.394,"2002-01-14 00:00:00","CARGO TRANSPORT 5",8.99,1.49,"2002-01-23 00:00:00",1796.0355,143.6828,44.9009,1984.6192,"2002-01-28 00:00:00",3.00,0.00,3.00
10,0,4,274,13,320,3,47.4705,142.4115,"2002-01-14 00:00:00","CARGO TRANSPORT 5",8.99,1.49,"2002-01-23 00:00:00",1796.0355,143.6828,44.9009,1984.6192,"2002-01-28 00:00:00",3.00,0.00,3.00
11,0,4,244,51,441,3,39.123,117.369,"2002-01-14 00:00:00","OVERNIGHT J-FAST",21.95,1.29,"2002-01-23 00:00:00",501.1965,40.0957,12.5299,553.8221,"2002-01-28 00:00:00",3.00,0.00,3.00
11,0,4,244,51,440,3,41.223,123.669,"2002-01-14 00:00:00","OVERNIGHT J-FAST",21.95,1.29,"2002-01-23 00:00:00",501.1965,40.0957,12.5299,553.8221,"2002-01-28 00:00:00",3.00,0.00,3.00
11,0,4,244,51,439,3,45.4965,136.4895,"2002-01-14 00:00:00","OVERNIGHT J-FAST",21.95,1.29,"2002-01-23 00:00:00",501.1965,40.0957,12.5299,553.8221,"2002-01-28 00:00:00",3.00,0.00,3.00
11,0,4,244,51,438,3,41.223,123.669,"2002-01-14 00:00:00","OVERNIGHT J-FAST",21.95,1.29,"2002-01-23 00:00:00",501.1965,40.0957,12.5299,553.8221,"2002-01-28 00:00:00",3.00,0.00,3.00
12,0,4,231,80,941,550,62.9895,34644.225,"2002-01-14 00:00:00","CARGO TRANSPORT 5",8.99,1.49,"2002-01-23 00:00:00",34644.225,2771.538,866.1056,38281.8686,"2002-01-28 00:00:00",550.00,82.00,468.00
13,0,4,241,47,322,60,26.3655,1581.93,"2002-01-14 00:00:00","OVERNIGHT J-FAST",21.95,1.29,"2002-01-23 00:00:00",1839.5055,147.1604,45.9876,2032.6535,"2002-01-28 00:00:00",60.00,0.00,60.00
13,0,4,241,47,321,3,40.488,121.464,"2002-01-14 00:00:00","OVERNIGHT J-FAST",21.95,1.29,"2002-01-23 00:00:00",1839.5055,147.1604,45.9876,2032.6535,"2002-01-28 00:00:00",3.00,0.00,3.00
13,0,4,241,47,320,3,45.3705,136.1115,"2002-01-14 00:00:00","OVERNIGHT J-FAST",21.95,1.29,"2002-01-23 00:00:00",1839.5055,147.1604,45.9876,2032.6535,"2002-01-28 00:00:00",3.00,0.00,3.00
14,0,3,266,81,504,3,48.762,146.286,"2002-01-14 00:00:00","CARGO TRANSPORT 5",8.99,1.49,"2002-01-23 00:00:00",146.286,11.7029,3.6572,161.6461,"2002-01-28 00:00:00",3.00,3.00,0.00
15,0,4,164,46,497,3,34.188,102.564,"2002-01-14 00:00:00","CARGO TRANSPORT 5",8.99,1.49,"2002-01-23 00:00:00",102.564,8.2051,2.5641,113.3332,"2002-01-28 00:00:00",3.00,0.00,3.00
16,0,4,223,21,323,3,50.2635,150.7905,"2002-01-14 00:00:00","CARGO TRANSPORT 5",8.99,1.49,"2002-01-23 00:00:00",150.7905,12.0632,3.7698,166.6235,"2002-01-28 00:00:00",3.00,0.00,3.00
17,0,4,233,27,524,550,14.1225,7767.375,"2002-01-15 00:00:00","CARGO TRANSPORT 5",8.99,1.49,"2002-01-24 00:00:00",13669.425,1093.554,341.7356,15104.7146,"2002-01-29 00:00:00",550.00,0.00,550.00
17,0,4,233,27,523,550,10.731,5902.05,"2002-01-15 00:00:00","CARGO TRANSPORT 5",8.99,1.49,"2002-01-24 00:00:00",13669.425,1093.554,341.7356,15104.7146,"2002-01-29 00:00:00",550.00,0.00,550.00
18,0,4,238,86,496,60,48.909,2934.54,"2002-01-15 00:00:00","CARGO TRANSPORT 5",8.99,1.49,"2002-01-24 00:00:00",16393.23,1311.4584,409.8308,18114.5192,"2002-01-29 00:00:00",60.00,0.00,60.00
18,0,4,238,86,495,60,63.693,3821.58,"2002-01-15 00:00:00","CARGO TRANSPORT 5",8.99,1.49,"2002-01-24 00:00:00",16393.23,1311.4584,409.8308,18114.5192,"2002-01-29 00:00:00",60.00,0.00,60.00
18,0,4,238,86,494,60,53.2035,3192.21,"2002-01-15 00:00:00","CARGO TRANSPORT 5",8.99,1.49,"2002-01-24 00:00:00",16393.23,1311.4584,409.8308,18114.5192,"2002-01-29 00:00:00",60.00,0.00,60.00
18,0,4,238,86,493,60,57.1515,3429.09,"2002-01-15 00:00:00","CARGO TRANSPORT 5",8.99,1.49,"2002-01-24 00:00:00",16393.23,1311.4584,409.8308,18114.5192,"2002-01-29 00:00:00",60.00,0.00,60.00
18,0,4,238,86,492,60,50.2635,3015.81,"2002-01-15 00:00:00","CARGO TRANSPORT 5",8.99,1.49,"2002-01-24 00:00:00",16393.23,1311.4584,409.8308,18114.5192,"2002-01-29 00:00:00",60.00,0.00,60.00
19,0,4,261,45,912,550,30.4395,16741.725,"2002-01-15 00:00:00","ZY - EXPRESS",9.95,1.99,"2002-01-24 00:00:00",79204.125,6336.33,1980.1031,87520.5581,"2002-01-29 00:00:00",550.00,0.00,550.00
19,0,4,261,45,911,550,21.0945,11601.975,"2002-01-15 00:00:00","ZY - EXPRESS",9.95,1.99,"2002-01-24 00:00:00",79204.125,6336.33,1980.1031,87520.5581,"2002-01-29 00:00:00",550.00,0.00,550.00
19,0,4,261,45,910,550,40.9395,22516.725,"2002-01-15 00:00:00","ZY - EXPRESS",9.95,1.99,"2002-01-24 00:00:00",79204.125,6336.33,1980.1031,87520.5581,"2002-01-29 00:00:00",550.00,0.00,550.00
19,0,4,261,45,909,550,30.4395,16741.725,"2002-01-15 00:00:00","ZY - EXPRESS",9.95,1.99,"2002-01-24 00:00:00",79204.125,6336.33,1980.1031,87520.5581,"2002-01-29 00:00:00",550.00,0.00,550.00
19,0,4,261,45,908,550,21.0945,11601.975,"2002-01-15 00:00:00","ZY - EXPRESS",9.95,1.99,"2002-01-24 00:00:00",79204.125,6336.33,1980.1031,87520.5581,"2002-01-29 00:00:00",550.00,0.00,550.00
20,0,4,264,93,506,60,9.198,551.88,"2002-01-15 00:00:00","XRQ - TRUCK GROUND",3.95,0.99,"2002-01-24 00:00:00",551.88,44.1504,13.797,609.8274,"2002-01-29 00:00:00",60.00,0.00,60.00
21,0,4,274,64,679,550,5.775,3176.25,"2002-01-15 00:00:00","XRQ - TRUCK GROUND",3.95,0.99,"2002-01-24 00:00:00",6987.75,559.02,174.6938,7721.4638,"2002-01-29 00:00:00",550.00,27.00,523.00
21,0,4,274,64,352,550,1.155,635.25,"2002-01-15 00:00:00","XRQ - TRUCK GROUND",3.95,0.99,"2002-01-24 00:00:00",6987.75,559.02,174.6938,7721.4638,"2002-01-29 00:00:00",550.00,0.00,550.00
21,0,4,274,64,351,550,5.775,3176.25,"2002-01-15 00:00:00","XRQ - TRUCK GROUND",3.95,0.99,"2002-01-24 00:00:00",6987.75,559.02,174.6938,7721.4638,"2002-01-29 00:00:00",550.00,0.00,550.00
22,0,4,231,4,508,550,27.6465,15205.575,"2002-01-15 00:00:00","ZY - EXPRESS",9.95,1.99,"2002-01-24 00:00:00",28072.275,2245.782,701.8069,31019.8639,"2002-01-29 00:00:00",550.00,0.00,550.00
22,0,4,231,4,507,550,23.394,12866.7,"2002-01-15 00:00:00","ZY - EXPRESS",9.95,1.99,"2002-01-24 00:00:00",28072.275,2245.782,701.8069,31019.8639,"2002-01-29 00:00:00",550.00,82.00,468.00
23,0,4,241,17,535,550,3.486,1917.3,"2002-01-15 00:00:00","XRQ - TRUCK GROUND",3.95,0.99,"2002-01-24 00:00:00",37312.275,2984.982,932.8069,41230.0639,"2002-01-29 00:00:00",550.00,0.00,550.00
23,0,4,241,17,940,550,62.9895,34644.225,"2002-01-15 00:00:00","XRQ - TRUCK GROUND",3.95,0.99,"2002-01-24 00:00:00",37312.275,2984.982,932.8069,41230.0639,"2002-01-29 00:00:00",550.00,0.00,550.00
23,0,4,241,17,355,550,1.365,750.75,"2002-01-15 00:00:00","XRQ - TRUCK GROUND",3.95,0.99,"2002-01-24 00:00:00",37312.275,2984.982,932.8069,41230.0639,"2002-01-29 00:00:00",550.00,0.00,550.00
24,0,3,266,12,352,550,1.47,808.5,"2002-01-15 00:00:00","XRQ - TRUCK GROUND",3.95,0.99,"2002-01-24 00:00:00",4215.75,337.26,105.3938,4658.4038,"2002-01-29 00:00:00",550.00,550.00,0.00
24,0,3,266,12,351,550,6.195,3407.25,"2002-01-15 00:00:00","XRQ - TRUCK GROUND",3.95,0.99,"2002-01-24 00:00:00",4215.75,337.26,105.3938,4658.4038,"2002-01-29 00:00:00",550.00,550.00,0.00
25,0,4,164,44,508,550,29.2845,16106.475,"2002-01-15 00:00:00","ZY - EXPRESS",9.95,1.99,"2002-01-24 00:00:00",28297.5,2263.8,707.4375,31268.7375,"2002-01-29 00:00:00",523.00,0.00,523.00
25,0,4,164,44,507,550,22.1655,12191.025,"2002-01-15 00:00:00","ZY - EXPRESS",9.95,1.99,"2002-01-24 00:00:00",28297.5,2263.8,707.4375,31268.7375,"2002-01-29 00:00:00",550.00,0.00,550.00
26,0,4,223,30,491,3,19.9815,59.9445,"2002-01-15 00:00:00","ZY - EXPRESS",9.95,1.99,"2002-01-24 00:00:00",59.9445,4.7956,1.4986,66.2387,"2002-01-29 00:00:00",3.00,0.00,3.00
27,0,4,233,8,346,3,41.244,123.732,"2002-01-15 00:00:00","OVERNIGHT J-FAST",21.95,1.29,"2002-01-24 00:00:00",722.61,57.8088,18.0653,798.4841,"2002-01-29 00:00:00",3.00,0.00,3.00
27,0,4,233,8,345,3,36.9705,110.9115,"2002-01-15 00:00:00","OVERNIGHT J-FAST",21.95,1.29,"2002-01-24 00:00:00",722.61,57.8088,18.0653,798.4841,"2002-01-29 00:00:00",3.00,0.00,3.00
27,0,4,233,8,344,3,39.0705,117.2115,"2002-01-15 00:00:00","OVERNIGHT J-FAST",21.95,1.29,"2002-01-24 00:00:00",722.61,57.8088,18.0653,798.4841,"2002-01-29 00:00:00",3.00,0.00,3.00
27,0,4,233,8,343,3,43.344,130.032,"2002-01-15 00:00:00","OVERNIGHT J-FAST",21.95,1.29,"2002-01-24 00:00:00",722.61,57.8088,18.0653,798.4841,"2002-01-29 00:00:00",3.00,0.00,3.00
27,0,4,233,8,342,3,39.0705,117.2115,"2002-01-15 00:00:00","OVERNIGHT J-FAST",21.95,1.29,"2002-01-24 00:00:00",722.61,57.8088,18.0653,798.4841,"2002-01-29 00:00:00",3.00,0.00,3.00
27,0,4,233,8,341,3,41.1705,123.5115,"2002-01-15 00:00:00","OVERNIGHT J-FAST",21.95,1.29,"2002-01-24 00:00:00",722.61,57.8088,18.0653,798.4841,"2002-01-29 00:00:00",3.00,0.00,3.00
28,0,4,238,73,936,550,48.2895,26559.225,"2002-01-15 00:00:00","CARGO TRANSPORT 5",8.99,1.49,"2002-01-24 00:00:00",43878.45,3510.276,1096.9613,48485.6873,"2002-01-29 00:00:00",550.00,0.00,550.00
28,0,4,238,73,935,550,31.4895,17319.225,"2002-01-15 00:00:00","CARGO TRANSPORT 5",8.99,1.49,"2002-01-24 00:00:00",43878.45,3510.276,1096.9613,48485.6873,"2002-01-29 00:00:00",550.00,0.00,550.00
29,0,4,261,76,379,3,36.9705,110.9115,"2002-02-08 00:00:00","OVERNIGHT J-FAST",21.95,1.29,"2002-02-17 00:00:00",592.7985,47.4239,14.82,655.0424,"2002-02-22 00:00:00",3.00,0.00,3.00
29,0,4,261,76,378,3,41.244,123.732,"2002-02-08 00:00:00","OVERNIGHT J-FAST",21.95,1.29,"2002-02-17 00:00:00",592.7985,47.4239,14.82,655.0424,"2002-02-22 00:00:00",3.00,0.00,3.00
29,0,4,261,76,377,3,36.9705,110.9115,"2002-02-08 00:00:00","OVERNIGHT J-FAST",21.95,1.29,"2002-02-17 00:00:00",592.7985,47.4239,14.82,655.0424,"2002-02-22 00:00:00",3.00,0.00,3.00
29,0,4,261,76,376,3,39.0705,117.2115,"2002-02-08 00:00:00","OVERNIGHT J-FAST",21.95,1.29,"2002-02-17 00:00:00",592.7985,47.4239,14.82,655.0424,"2002-02-22 00:00:00",3.00,0.00,3.00
29,0,4,261,76,375,3,43.344,130.032,"2002-02-08 00:00:00","OVERNIGHT J-FAST",21.95,1.29,"2002-02-17 00:00:00",592.7985,47.4239,14.82,655.0424,"2002-02-22 00:00:00",3.00,0.00,3.00
30,0,4,264,77,478,550,11.088,6098.4,"2002-02-08 00:00:00","ZY - EXPRESS",9.95,1.99,"2002-02-17 00:00:00",21252,1700.16,531.3,23483.46,"2002-02-22 00:00:00",550.00,0.00,550.00
30,0,4,264,77,477,550,11.6655,6416.025,"2002-02-08 00:00:00","ZY - EXPRESS",9.95,1.99,"2002-02-17 00:00:00",21252,1700.16,531.3,23483.46,"2002-02-22 00:00:00",550.00,55.00,495.00
30,0,4,264,77,476,550,15.8865,8737.575,"2002-02-08 00:00:00","ZY - EXPRESS",9.95,1.99,"2002-02-17 00:00:00",21252,1700.16,531.3,23483.46,"2002-02-22 00:00:00",550.00,0.00,550.00
31,0,4,244,28,402,3,47.4705,142.4115,"2002-02-08 00:00:00","CARGO TRANSPORT 5",8.99,1.49,"2002-02-17 00:00:00",142.4115,11.3929,3.5603,157.3647,"2002-02-22 00:00:00",3.00,0.00,3.00
32,2,4,231,2,511,550,29.274,16100.7,"2002-02-08 00:00:00","ZY - EXPRESS",9.95,1.99,"2002-02-17 00:00:00",28794.15,2303.532,719.8538,31817.5358,"2002-02-22 00:00:00",550.00,0.00,550.00
32,2,4,231,2,510,550,23.079,12693.45,"2002-02-08 00:00:00","ZY - EXPRESS",9.95,1.99,"2002-02-17 00:00:00",28794.15,2303.532,719.8538,31817.5358,"2002-02-22 00:00:00",550.00,82.00,468.00
33,0,4,241,87,405,3,45.3705,136.1115,"2002-02-16 00:00:00","OVERNIGHT J-FAST",21.95,1.29,"2002-02-25 00:00:00",421.155,33.6924,10.5289,465.3763,"2002-03-02 00:00:00",3.00,0.00,3.00
33,0,4,241,87,404,3,49.644,148.932,"2002-02-16 00:00:00","OVERNIGHT J-FAST",21.95,1.29,"2002-02-25 00:00:00",421.155,33.6924,10.5289,465.3763,"2002-03-02 00:00:00",3.00,0.00,3.00
33,0,4,241,87,403,3,45.3705,136.1115,"2002-02-16 00:00:00","OVERNIGHT J-FAST",21.95,1.29,"2002-02-25 00:00:00",421.155,33.6924,10.5289,465.3763,"2002-03-02 00:00:00",3.00,0.00,3.00
34,0,3,266,31,525,550,2.3205,1276.275,"2002-02-16 00:00:00","XRQ - TRUCK GROUND",3.95,0.99,"2002-02-25 00:00:00",1276.275,102.102,31.9069,1410.2839,"2002-03-02 00:00:00",550.00,550.00,0.00
35,0,4,164,26,526,550,3.6435,2003.925,"2002-02-16 00:00:00","XRQ - TRUCK GROUND",3.95,0.99,"2002-02-25 00:00:00",2003.925,160.314,50.0981,2214.3371,"2002-03-02 00:00:00",550.00,0.00,550.00
36,0,4,223,24,913,550,40.9395,22516.725,"2002-02-16 00:00:00","ZY - EXPRESS",9.95,1.99,"2002-02-25 00:00:00",50860.425,4068.834,1271.5106,56200.7696,"2002-03-02 00:00:00",550.00,0.00,550.00
36,0,4,223,24,909,550,30.4395,16741.725,"2002-02-16 00:00:00","ZY - EXPRESS",9.95,1.99,"2002-02-25 00:00:00",50860.425,4068.834,1271.5106,56200.7696,"2002-03-02 00:00:00",550.00,0.00,550.00
36,0,4,223,24,908,550,21.0945,11601.975,"2002-02-16 00:00:00","ZY - EXPRESS",9.95,1.99,"2002-02-25 00:00:00",50860.425,4068.834,1271.5106,56200.7696,"2002-03-02 00:00:00",468.00,0.00,468.00
37,0,4,233,48,357,60,3.9795,238.77,"2002-02-16 00:00:00","XRQ - TRUCK GROUND",3.95,0.99,"2002-02-25 00:00:00",454.86,36.3888,11.3715,502.6203,"2002-03-02 00:00:00",60.00,0.00,60.00
37,0,4,233,48,356,60,3.6015,216.09,"2002-02-16 00:00:00","XRQ - TRUCK GROUND",3.95,0.99,"2002-02-25 00:00:00",454.86,36.3888,11.3715,502.6203,"2002-03-02 00:00:00",60.00,0.00,60.00
38,2,4,238,88,936,550,48.2895,26559.225,"2002-02-16 00:00:00","CARGO TRANSPORT 5",8.99,1.49,"2002-02-25 00:00:00",43878.45,3510.276,1096.9613,48485.6873,"2002-03-02 00:00:00",550.00,0.00,550.00
38,2,4,238,88,935,550,31.4895,17319.225,"2002-02-16 00:00:00","CARGO TRANSPORT 5",8.99,1.49,"2002-02-25 00:00:00",43878.45,3510.276,1096.9613,48485.6873,"2002-03-02 00:00:00",550.00,0.00,550.00
39,0,4,198,96,524,550,12.9675,7132.125,"2002-02-16 00:00:00","ZY - EXPRESS",9.95,1.99,"2002-02-25 00:00:00",7132.125,570.57,178.3031,7880.9981,"2002-03-02 00:00:00",550.00,0.00,550.00
40,0,4,264,39,912,550,30.4395,16741.725,"2002-02-16 00:00:00","ZY - EXPRESS",9.95,1.99,"2002-02-25 00:00:00",28343.7,2267.496,708.5925,31319.7885,"2002-03-02 00:00:00",550.00,55.00,495.00
40,0,4,264,39,911,550,21.0945,11601.975,"2002-02-16 00:00:00","ZY - EXPRESS",9.95,1.99,"2002-02-25 00:00:00",28343.7,2267.496,708.5925,31319.7885,"2002-03-02 00:00:00",550.00,0.00,550.00
41,0,4,244,52,910,550,40.9395,22516.725,"2002-02-16 00:00:00","OVERNIGHT J-FAST",21.95,1.29,"2002-02-25 00:00:00",22516.725,1801.338,562.9181,24880.9811,"2002-03-02 00:00:00",550.00,0.00,550.00
42,1,4,231,43,937,550,62.9895,34644.225,"2002-02-16 00:00:00","CARGO TRANSPORT 5",8.99,1.49,"2002-02-25 00:00:00",34644.225,2771.538,866.1056,38281.8686,"2002-03-02 00:00:00",550.00,82.00,468.00
43,0,4,241,37,465,3,49.6965,149.0895,"2002-02-16 00:00:00","CARGO TRANSPORT 5",8.99,1.49,"2002-02-25 00:00:00",427.9275,34.2342,10.6982,472.8599,"2002-03-02 00:00:00",3.00,0.00,3.00
43,0,4,241,37,464,3,45.423,136.269,"2002-02-16 00:00:00","CARGO TRANSPORT 5",8.99,1.49,"2002-02-25 00:00:00",427.9275,34.2342,10.6982,472.8599,"2002-03-02 00:00:00",3.00,0.00,3.00
43,0,4,241,37,463,3,47.523,142.569,"2002-02-16 00:00:00","CARGO TRANSPORT 5",8.99,1.49,"2002-02-25 00:00:00",427.9275,34.2342,10.6982,472.8599,"2002-03-02 00:00:00",3.00,0.00,3.00
44,0,3,266,1,462,3,47.6805,143.0415,"2002-02-16 00:00:00","CARGO TRANSPORT 5",8.99,1.49,"2002-02-25 00:00:00",143.0415,11.4433,3.576,158.0608,"2002-03-02 00:00:00",3.00,3.00,0.00
45,0,4,274,56,511,550,27.867,15326.85,"2002-02-16 00:00:00","ZY - EXPRESS",9.95,1.99,"2002-02-25 00:00:00",28199.325,2255.946,704.9831,31160.2541,"2002-03-02 00:00:00",523.00,0.00,523.00
45,0,4,274,56,510,550,23.4045,12872.475,"2002-02-16 00:00:00","ZY - EXPRESS",9.95,1.99,"2002-02-25 00:00:00",28199.325,2255.946,704.9831,31160.2541,"2002-03-02 00:00:00",550.00,0.00,550.00
46,0,4,223,60,527,550,6.7515,3713.325,"2002-02-16 00:00:00","XRQ - TRUCK GROUND",3.95,0.99,"2002-02-25 00:00:00",3713.325,297.066,92.8331,4103.2241,"2002-03-02 00:00:00",468.00,0.00,468.00
47,0,4,233,53,509,550,36.2775,19952.625,"2002-02-16 00:00:00","CARGO TRANSPORT 5",8.99,1.49,"2002-02-25 00:00:00",63831.075,5106.486,1595.7769,70533.3379,"2002-03-02 00:00:00",550.00,0.00,550.00
47,0,4,233,53,939,550,48.2895,26559.225,"2002-02-16 00:00:00","CARGO TRANSPORT 5",8.99,1.49,"2002-02-25 00:00:00",63831.075,5106.486,1595.7769,70533.3379,"2002-03-02 00:00:00",550.00,0.00,550.00
47,0,4,233,53,938,550,31.4895,17319.225,"2002-02-16 00:00:00","CARGO TRANSPORT 5",8.99,1.49,"2002-02-25 00:00:00",63831.075,5106.486,1595.7769,70533.3379,"2002-03-02 00:00:00",550.00,0.00,550.00
48,0,4,238,10,496,60,49.6545,2979.27,"2002-02-16 00:00:00","CARGO TRANSPORT 5",8.99,1.49,"2002-02-25 00:00:00",16340.31,1307.2248,408.5078,18056.0426,"2002-03-02 00:00:00",60.00,0.00,60.00
48,0,4,238,10,495,60,62.9265,3775.59,"2002-02-16 00:00:00","CARGO TRANSPORT 5",8.99,1.49,"2002-02-25 00:00:00",16340.31,1307.2248,408.5078,18056.0426,"2002-03-02 00:00:00",60.00,0.00,60.00
48,0,4,238,10,494,60,50.7465,3044.79,"2002-02-16 00:00:00","CARGO TRANSPORT 5",8.99,1.49,"2002-02-25 00:00:00",16340.31,1307.2248,408.5078,18056.0426,"2002-03-02 00:00:00",60.00,0.00,60.00
48,0,4,238,10,493,60,58.2645,3495.87,"2002-02-16 00:00:00","CARGO TRANSPORT 5",8.99,1.49,"2002-02-25 00:00:00",16340.31,1307.2248,408.5078,18056.0426,"2002-03-02 00:00:00",60.00,0.00,60.00
48,0,4,238,10,492,60,50.7465,3044.79,"2002-02-16 00:00:00","CARGO TRANSPORT 5",8.99,1.49,"2002-02-25 00:00:00",16340.31,1307.2248,408.5078,18056.0426,"2002-03-02 00:00:00",60.00,0.00,60.00
49,0,4,261,66,523,550,10.3845,5711.475,"2002-02-20 00:00:00","CARGO TRANSPORT 5",8.99,1.49,"2002-03-01 00:00:00",5711.475,456.918,142.7869,6311.1799,"2002-03-06 00:00:00",550.00,0.00,550.00
50,1,4,264,68,424,3,49.854,149.562,"2002-02-20 00:00:00","CARGO TRANSPORT 5",8.99,1.49,"2002-03-01 00:00:00",429.345,34.3476,10.7336,474.4262,"2002-03-06 00:00:00",3.00,0.00,3.00
50,1,4,264,68,423,3,45.5805,136.7415,"2002-02-20 00:00:00","CARGO TRANSPORT 5",8.99,1.49,"2002-03-01 00:00:00",429.345,34.3476,10.7336,474.4262,"2002-03-06 00:00:00",3.00,0.00,3.00
50,1,4,264,68,422,3,47.6805,143.0415,"2002-02-20 00:00:00","CARGO TRANSPORT 5",8.99,1.49,"2002-03-01 00:00:00",429.345,34.3476,10.7336,474.4262,"2002-03-06 00:00:00",3.00,0.00,3.00
51,0,4,244,61,491,3,19.9395,59.8185,"2002-02-20 00:00:00","ZY - EXPRESS",9.95,1.99,"2002-03-01 00:00:00",97.965,7.8372,2.4491,108.2513,"2002-03-06 00:00:00",3.00,0.00,3.00
51,0,4,244,61,490,3,12.7155,38.1465,"2002-02-20 00:00:00","ZY - EXPRESS",9.95,1.99,"2002-03-01 00:00:00",97.965,7.8372,2.4491,108.2513,"2002-03-06 00:00:00",3.00,0.00,3.00
52,0,4,231,5,528,3,38.157,114.471,"2002-02-20 00:00:00","OVERNIGHT J-FAST",21.95,1.29,"2002-03-01 00:00:00",114.471,9.1577,2.8618,126.4905,"2002-03-06 00:00:00",3.00,0.00,3.00
53,0,4,198,58,505,3,44.2155,132.6465,"2002-02-24 00:00:00","OVERNIGHT J-FAST",21.95,1.29,"2002-03-05 00:00:00",132.6465,10.6117,3.3162,146.5744,"2002-03-10 00:00:00",3.00,0.00,3.00
54,2,3,266,35,939,550,48.2895,26559.225,"2002-02-24 00:00:00","CARGO TRANSPORT 5",8.99,1.49,"2002-03-05 00:00:00",43878.45,3510.276,1096.9613,48485.6873,"2002-03-10 00:00:00",550.00,550.00,0.00
54,2,3,266,35,938,550,31.4895,17319.225,"2002-02-24 00:00:00","CARGO TRANSPORT 5",8.99,1.49,"2002-03-05 00:00:00",43878.45,3510.276,1096.9613,48485.6873,"2002-03-10 00:00:00",550.00,550.00,0.00
55,0,4,164,103,358,60,6.9825,418.95,"2002-02-24 00:00:00","XRQ - TRUCK GROUND",3.95,0.99,"2002-03-05 00:00:00",418.95,33.516,10.4738,462.9398,"2002-03-10 00:00:00",60.00,0.00,60.00
56,0,4,223,7,378,3,41.1705,123.5115,"2002-02-24 00:00:00","OVERNIGHT J-FAST",21.95,1.29,"2002-03-05 00:00:00",525.7665,42.0613,13.1442,580.972,"2002-03-10 00:00:00",3.00,0.00,3.00
56,0,4,223,7,377,3,43.2705,129.8115,"2002-02-24 00:00:00","OVERNIGHT J-FAST",21.95,1.29,"2002-03-05 00:00:00",525.7665,42.0613,13.1442,580.972,"2002-03-10 00:00:00",3.00,0.00,3.00
56,0,4,223,7,376,3,47.544,142.632,"2002-02-24 00:00:00","OVERNIGHT J-FAST",21.95,1.29,"2002-03-05 00:00:00",525.7665,42.0613,13.1442,580.972,"2002-03-10 00:00:00",3.00,0.00,3.00
56,0,4,223,7,375,3,43.2705,129.8115,"2002-02-24 00:00:00","OVERNIGHT J-FAST",21.95,1.29,"2002-03-05 00:00:00",525.7665,42.0613,13.1442,580.972,"2002-03-10 00:00:00",3.00,0.00,3.00
57,0,4,233,69,357,60,4.3155,258.93,"2002-02-24 00:00:00","XRQ - TRUCK GROUND",3.95,0.99,"2002-03-05 00:00:00",461.79,36.9432,11.5448,510.278,"2002-03-10 00:00:00",60.00,0.00,60.00
57,0,4,233,69,356,60,3.381,202.86,"2002-02-24 00:00:00","XRQ - TRUCK GROUND",3.95,0.99,"2002-03-05 00:00:00",461.79,36.9432,11.5448,510.278,"2002-03-10 00:00:00",60.00,0.00,60.00
58,0,4,238,23,379,3,39.0705,117.2115,"2002-02-24 00:00:00","OVERNIGHT J-FAST",21.95,1.29,"2002-03-05 00:00:00",630.378,50.4302,15.7595,696.5677,"2002-03-10 00:00:00",3.00,0.00,3.00
58,0,4,238,23,378,3,41.1705,123.5115,"2002-02-24 00:00:00","OVERNIGHT J-FAST",21.95,1.29,"2002-03-05 00:00:00",630.378,50.4302,15.7595,696.5677,"2002-03-10 00:00:00",3.00,0.00,3.00
58,0,4,238,23,377,3,45.444,136.332,"2002-02-24 00:00:00","OVERNIGHT J-FAST",21.95,1.29,"2002-03-05 00:00:00",630.378,50.4302,15.7595,696.5677,"2002-03-10 00:00:00",3.00,0.00,3.00
58,0,4,238,23,376,3,41.1705,123.5115,"2002-02-24 00:00:00","OVERNIGHT J-FAST",21.95,1.29,"2002-03-05 00:00:00",630.378,50.4302,15.7595,696.5677,"2002-03-10 00:00:00",3.00,0.00,3.00
58,0,4,238,23,375,3,43.2705,129.8115,"2002-02-24 00:00:00","OVERNIGHT J-FAST",21.95,1.29,"2002-03-05 00:00:00",630.378,50.4302,15.7595,696.5677,"2002-03-10 00:00:00",3.00,0.00,3.00
59,5,4,261,75,490,3,12.3585,37.0755,"2002-02-24 00:00:00","ZY - EXPRESS",9.95,1.99,"2002-03-05 00:00:00",37.0755,2.966,0.9269,40.9684,"2002-03-10 00:00:00",3.00,0.00,3.00
60,0,4,264,3,513,550,39.1965,21558.075,"2002-02-24 00:00:00","OVERNIGHT J-FAST",21.95,1.29,"2002-03-05 00:00:00",21558.075,1724.646,538.9519,23821.6729,"2002-03-10 00:00:00",550.00,0.00,550.00
61,0,4,244,54,406,3,43.344,130.032,"2002-02-24 00:00:00","OVERNIGHT J-FAST",21.95,1.29,"2002-03-05 00:00:00",507.087,40.567,12.6772,560.3312,"2002-03-10 00:00:00",3.00,0.00,3.00
61,0,4,244,54,405,3,39.0705,117.2115,"2002-02-24 00:00:00","OVERNIGHT J-FAST",21.95,1.29,"2002-03-05 00:00:00",507.087,40.567,12.6772,560.3312,"2002-03-10 00:00:00",3.00,0.00,3.00
61,0,4,244,54,404,3,41.1705,123.5115,"2002-02-24 00:00:00","OVERNIGHT J-FAST",21.95,1.29,"2002-03-05 00:00:00",507.087,40.567,12.6772,560.3312,"2002-03-10 00:00:00",3.00,0.00,3.00
61,0,4,244,54,403,3,45.444,136.332,"2002-02-24 00:00:00","OVERNIGHT J-FAST",21.95,1.29,"2002-03-05 00:00:00",507.087,40.567,12.6772,560.3312,"2002-03-10 00:00:00",3.00,0.00,3.00
62,0,4,231,104,932,550,39.7635,21869.925,"2002-02-24 00:00:00","CARGO TRANSPORT 5",8.99,1.49,"2002-03-05 00:00:00",41048.7,3283.896,1026.2175,45358.8135,"2002-03-10 00:00:00",550.00,0.00,550.00
62,0,4,231,104,931,550,34.8705,19178.775,"2002-02-24 00:00:00","CARGO TRANSPORT 5",8.99,1.49,"2002-03-05 00:00:00",41048.7,3283.896,1026.2175,45358.8135,"2002-03-10 00:00:00",550.00,82.00,468.00
63,0,4,241,25,424,3,49.854,149.562,"2002-02-24 00:00:00","CARGO TRANSPORT 5",8.99,1.49,"2002-03-05 00:00:00",429.345,34.3476,10.7336,474.4262,"2002-03-10 00:00:00",3.00,0.00,3.00
63,0,4,241,25,423,3,45.5805,136.7415,"2002-02-24 00:00:00","CARGO TRANSPORT 5",8.99,1.49,"2002-03-05 00:00:00",429.345,34.3476,10.7336,474.4262,"2002-03-10 00:00:00",3.00,0.00,3.00
63,0,4,241,25,422,3,47.6805,143.0415,"2002-02-24 00:00:00","CARGO TRANSPORT 5",8.99,1.49,"2002-03-05 00:00:00",429.345,34.3476,10.7336,474.4262,"2002-03-10 00:00:00",3.00,0.00,3.00
64,1,3,266,90,342,3,45.4755,136.4265,"2002-02-24 00:00:00","CARGO TRANSPORT 5",8.99,1.49,"2002-03-05 00:00:00",279.153,22.3322,6.9788,308.464,"2002-03-10 00:00:00",3.00,3.00,0.00
64,1,3,266,90,341,3,47.5755,142.7265,"2002-02-24 00:00:00","CARGO TRANSPORT 5",8.99,1.49,"2002-03-05 00:00:00",279.153,22.3322,6.9788,308.464,"2002-03-10 00:00:00",3.00,3.00,0.00
65,0,4,164,33,932,550,39.2385,21581.175,"2002-02-24 00:00:00","CARGO TRANSPORT 5",8.99,1.49,"2002-03-05 00:00:00",40471.2,3237.696,1011.78,44720.676,"2002-03-10 00:00:00",523.00,0.00,523.00
65,0,4,164,33,931,550,34.3455,18890.025,"2002-02-24 00:00:00","CARGO TRANSPORT 5",8.99,1.49,"2002-03-05 00:00:00",40471.2,3237.696,1011.78,44720.676,"2002-03-10 00:00:00",550.00,0.00,550.00
66,1,4,223,41,344,3,45.3705,136.1115,"2002-02-24 00:00:00","CARGO TRANSPORT 5",8.99,1.49,"2002-03-05 00:00:00",563.5665,45.0853,14.0892,622.741,"2002-03-10 00:00:00",3.00,0.00,3.00
66,1,4,223,41,343,3,49.644,148.932,"2002-02-24 00:00:00","CARGO TRANSPORT 5",8.99,1.49,"2002-03-05 00:00:00",563.5665,45.0853,14.0892,622.741,"2002-03-10 00:00:00",3.00,0.00,3.00
66,1,4,223,41,342,3,45.3705,136.1115,"2002-02-24 00:00:00","CARGO TRANSPORT 5",8.99,1.49,"2002-03-05 00:00:00",563.5665,45.0853,14.0892,622.741,"2002-03-10 00:00:00",3.00,0.00,3.00
66,1,4,223,41,341,3,47.4705,142.4115,"2002-02-24 00:00:00","CARGO TRANSPORT 5",8.99,1.49,"2002-03-05 00:00:00",563.5665,45.0853,14.0892,622.741,"2002-03-10 00:00:00",3.00,0.00,3.00
67,0,4,233,55,930,550,43.0395,23671.725,"2002-02-24 00:00:00","CARGO TRANSPORT 5",8.99,1.49,"2002-03-05 00:00:00",62092.8,4967.424,1552.32,68612.544,"2002-03-10 00:00:00",550.00,0.00,550.00
67,0,4,233,55,929,550,37.086,20397.3,"2002-02-24 00:00:00","CARGO TRANSPORT 5",8.99,1.49,"2002-03-05 00:00:00",62092.8,4967.424,1552.32,68612.544,"2002-03-10 00:00:00",550.00,0.00,550.00
67,0,4,233,55,928,550,32.7705,18023.775,"2002-02-24 00:00:00","CARGO TRANSPORT 5",8.99,1.49,"2002-03-05 00:00:00",62092.8,4967.424,1552.32,68612.544,"2002-03-10 00:00:00",550.00,0.00,550.00
68,1,4,238,70,332,550,10.815,5948.25,"2002-02-24 00:00:00","CARGO TRANSPORT 5",8.99,1.49,"2002-03-05 00:00:00",5948.25,475.86,148.7063,6572.8163,"2002-03-10 00:00:00",550.00,0.00,550.00
69,0,4,261,94,907,550,82.8345,45558.975,"2002-02-25 00:00:00","CARGO TRANSPORT 5",8.99,1.49,"2002-03-06 00:00:00",91117.95,7289.436,2277.9488,100685.3348,"2002-03-11 00:00:00",550.00,0.00,550.00
69,0,4,261,94,948,550,82.8345,45558.975,"2002-02-25 00:00:00","CARGO TRANSPORT 5",8.99,1.49,"2002-03-06 00:00:00",91117.95,7289.436,2277.9488,100685.3348,"2002-03-11 00:00:00",550.00,0.00,550.00
70,1,4,264,15,326,1250,0.21,262.5,"2002-02-25 00:00:00","XRQ - TRUCK GROUND",3.95,0.99,"2002-03-06 00:00:00",525,42,13.125,580.125,"2002-03-11 00:00:00",1250.00,125.00,1125.00
70,1,4,264,15,325,1250,0.21,262.5,"2002-02-25 00:00:00","XRQ - TRUCK GROUND",3.95,0.99,"2002-03-06 00:00:00",525,42,13.125,580.125,"2002-03-11 00:00:00",1250.00,0.00,1250.00
71,0,4,244,62,322,60,28.6965,1721.79,"2002-02-25 00:00:00","CARGO TRANSPORT 5",8.99,1.49,"2002-03-06 00:00:00",2003.6835,160.2947,50.0921,2214.0703,"2002-03-11 00:00:00",60.00,3.00,57.00
71,0,4,244,62,321,3,44.3205,132.9615,"2002-02-25 00:00:00","CARGO TRANSPORT 5",8.99,1.49,"2002-03-06 00:00:00",2003.6835,160.2947,50.0921,2214.0703,"2002-03-11 00:00:00",3.00,0.00,3.00
71,0,4,244,62,320,3,49.644,148.932,"2002-02-25 00:00:00","CARGO TRANSPORT 5",8.99,1.49,"2002-03-06 00:00:00",2003.6835,160.2947,50.0921,2214.0703,"2002-03-11 00:00:00",3.00,0.00,3.00
72,0,4,231,98,921,550,5.586,3072.3,"2002-02-25 00:00:00","OVERNIGHT J-FAST",21.95,1.29,"2002-03-06 00:00:00",26455.275,2116.422,661.3819,29233.0789,"2002-03-11 00:00:00",550.00,0.00,550.00
72,0,4,231,98,930,550,42.5145,23382.975,"2002-02-25 00:00:00","OVERNIGHT J-FAST",21.95,1.29,"2002-03-06 00:00:00",26455.275,2116.422,661.3819,29233.0789,"2002-03-11 00:00:00",550.00,82.00,468.00
73,0,4,241,72,952,60,15.7395,944.37,"2002-03-12 00:00:00","ZY - EXPRESS",9.95,1.99,"2002-03-21 00:00:00",944.37,75.5496,23.6093,1043.5289,"2002-03-26 00:00:00",60.00,0.00,60.00
74,2,3,266,22,934,550,37.6215,20691.825,"2002-03-12 00:00:00","OVERNIGHT J-FAST",21.95,1.29,"2002-03-21 00:00:00",44594.55,3567.564,1114.8638,49276.9778,"2002-03-26 00:00:00",550.00,550.00,0.00
74,2,3,266,22,933,550,43.4595,23902.725,"2002-03-12 00:00:00","OVERNIGHT J-FAST",21.95,1.29,"2002-03-21 00:00:00",44594.55,3567.564,1114.8638,49276.9778,"2002-03-26 00:00:00",550.00,550.00,0.00
75,0,4,164,50,319,550,48.5835,26720.925,"2002-03-12 00:00:00","OVERSEAS - DELUXE",29.95,2.99,"2002-03-21 00:00:00",62843.55,5027.484,1571.0888,69442.1228,"2002-03-26 00:00:00",550.00,0.00,550.00
75,0,4,164,50,318,550,36.099,19854.45,"2002-03-12 00:00:00","OVERSEAS - DELUXE",29.95,2.99,"2002-03-21 00:00:00",62843.55,5027.484,1571.0888,69442.1228,"2002-03-26 00:00:00",523.00,0.00,523.00
75,0,4,164,50,317,550,29.5785,16268.175,"2002-03-12 00:00:00","OVERSEAS - DELUXE",29.95,2.99,"2002-03-21 00:00:00",62843.55,5027.484,1571.0888,69442.1228,"2002-03-26 00:00:00",550.00,0.00,550.00
76,0,4,223,71,929,550,36.561,20108.55,"2002-03-12 00:00:00","CARGO TRANSPORT 5",8.99,1.49,"2002-03-21 00:00:00",37843.575,3027.486,946.0894,41817.1504,"2002-03-26 00:00:00",550.00,0.00,550.00
76,0,4,223,71,928,550,32.2455,17735.025,"2002-03-12 00:00:00","CARGO TRANSPORT 5",8.99,1.49,"2002-03-21 00:00:00",37843.575,3027.486,946.0894,41817.1504,"2002-03-26 00:00:00",468.00,0.00,468.00
77,0,4,198,40,319,550,46.4205,25531.275,"2002-03-12 00:00:00","OVERNIGHT J-FAST",21.95,1.29,"2002-03-21 00:00:00",25531.275,2042.502,638.2819,28212.0589,"2002-03-26 00:00:00",550.00,0.00,550.00
78,0,4,238,91,363,3,43.323,129.969,"2002-03-12 00:00:00","CARGO TRANSPORT 5",8.99,1.49,"2002-03-21 00:00:00",694.1655,55.5332,17.3541,767.0528,"2002-03-26 00:00:00",3.00,0.00,3.00
78,0,4,238,91,362,3,45.423,136.269,"2002-03-12 00:00:00","CARGO TRANSPORT 5",8.99,1.49,"2002-03-21 00:00:00",694.1655,55.5332,17.3541,767.0528,"2002-03-26 00:00:00",3.00,0.00,3.00
78,0,4,238,91,361,3,49.6965,149.0895,"2002-03-12 00:00:00","CARGO TRANSPORT 5",8.99,1.49,"2002-03-21 00:00:00",694.1655,55.5332,17.3541,767.0528,"2002-03-26 00:00:00",3.00,0.00,3.00
78,0,4,238,91,360,3,45.423,136.269,"2002-03-12 00:00:00","CARGO TRANSPORT 5",8.99,1.49,"2002-03-21 00:00:00",694.1655,55.5332,17.3541,767.0528,"2002-03-26 00:00:00",3.00,0.00,3.00
78,0,4,238,91,359,3,47.523,142.569,"2002-03-12 00:00:00","CARGO TRANSPORT 5",8.99,1.49,"2002-03-21 00:00:00",694.1655,55.5332,17.3541,767.0528,"2002-03-26 00:00:00",3.00,0.00,3.00
79,0,4,261,57,2,3,41.916,125.748,"2002-03-12 00:00:00","OVERNIGHT J-FAST",21.95,1.29,"2002-03-21 00:00:00",125.748,10.0598,3.1437,138.9515,"2002-03-26 00:00:00",3.00,0.00,3.00
80,0,4,264,83,1,3,50.2635,150.7905,"2002-03-12 00:00:00","CARGO TRANSPORT 5",8.99,1.49,"2002-03-21 00:00:00",150.7905,12.0632,3.7698,166.6235,"2002-03-26 00:00:00",3.00,0.00,3.00
81,0,4,244,32,364,3,47.754,143.262,"2002-03-12 00:00:00","CARGO TRANSPORT 5",8.99,1.49,"2002-03-21 00:00:00",560.007,44.8006,14.0002,618.8078,"2002-03-26 00:00:00",3.00,0.00,3.00
81,0,4,244,32,363,3,43.4805,130.4415,"2002-03-12 00:00:00","CARGO TRANSPORT 5",8.99,1.49,"2002-03-21 00:00:00",560.007,44.8006,14.0002,618.8078,"2002-03-26 00:00:00",3.00,0.00,3.00
81,0,4,244,32,362,3,45.5805,136.7415,"2002-03-12 00:00:00","CARGO TRANSPORT 5",8.99,1.49,"2002-03-21 00:00:00",560.007,44.8006,14.0002,618.8078,"2002-03-26 00:00:00",3.00,0.00,3.00
81,0,4,244,32,361,3,49.854,149.562,"2002-03-12 00:00:00","CARGO TRANSPORT 5",8.99,1.49,"2002-03-21 00:00:00",560.007,44.8006,14.0002,618.8078,"2002-03-26 00:00:00",3.00,0.00,3.00
82,1,4,231,38,530,550,16.086,8847.3,"2002-03-12 00:00:00","ZY - EXPRESS",9.95,1.99,"2002-03-21 00:00:00",8847.3,707.784,221.1825,9776.2665,"2002-03-26 00:00:00",550.00,82.00,468.00
83,0,4,241,85,4,3,57.0255,171.0765,"2002-03-12 00:00:00","CARGO TRANSPORT 5",8.99,1.49,"2002-03-21 00:00:00",171.0765,13.6861,4.2769,189.0395,"2002-03-26 00:00:00",3.00,0.00,3.00
84,0,3,266,92,512,550,37.086,20397.3,"2002-03-12 00:00:00","OVERNIGHT J-FAST",21.95,1.29,"2002-03-21 00:00:00",20397.3,1631.784,509.9325,22539.0165,"2002-03-26 00:00:00",550.00,550.00,0.00
85,0,4,164,11,513,550,26.5965,14628.075,"2002-03-12 00:00:00","OVERSEAS - DELUXE",29.95,2.99,"2002-03-21 00:00:00",14628.075,1170.246,365.7019,16164.0229,"2002-03-26 00:00:00",550.00,0.00,550.00
86,1,4,223,84,319,550,46.0635,25334.925,"2002-03-12 00:00:00","OVERSEAS - DELUXE",29.95,2.99,"2002-03-21 00:00:00",58685.55,4694.844,1467.1388,64847.5328,"2002-03-26 00:00:00",550.00,0.00,550.00
86,1,4,223,84,318,550,33.579,18468.45,"2002-03-12 00:00:00","OVERSEAS - DELUXE",29.95,2.99,"2002-03-21 00:00:00",58685.55,4694.844,1467.1388,64847.5328,"2002-03-26 00:00:00",550.00,0.00,550.00
86,1,4,223,84,317,550,27.0585,14882.175,"2002-03-12 00:00:00","OVERSEAS - DELUXE",29.95,2.99,"2002-03-21 00:00:00",58685.55,4694.844,1467.1388,64847.5328,"2002-03-26 00:00:00",468.00,0.00,468.00
87,0,4,233,78,413,3,39.0705,117.2115,"2002-03-12 00:00:00","CARGO TRANSPORT 5",8.99,1.49,"2002-03-21 00:00:00",773.01,61.8408,19.3253,854.1761,"2002-03-26 00:00:00",3.00,0.00,3.00
87,0,4,233,78,412,3,41.1705,123.5115,"2002-03-12 00:00:00","CARGO TRANSPORT 5",8.99,1.49,"2002-03-21 00:00:00",773.01,61.8408,19.3253,854.1761,"2002-03-26 00:00:00",3.00,0.00,3.00
87,0,4,233,78,411,3,45.444,136.332,"2002-03-12 00:00:00","CARGO TRANSPORT 5",8.99,1.49,"2002-03-21 00:00:00",773.01,61.8408,19.3253,854.1761,"2002-03-26 00:00:00",3.00,0.00,3.00
87,0,4,233,78,410,3,41.1705,123.5115,"2002-03-12 00:00:00","CARGO TRANSPORT 5",8.99,1.49,"2002-03-21 00:00:00",773.01,61.8408,19.3253,854.1761,"2002-03-26 00:00:00",3.00,0.00,3.00
87,0,4,233,78,409,3,43.2705,129.8115,"2002-03-12 00:00:00","CARGO TRANSPORT 5",8.99,1.49,"2002-03-21 00:00:00",773.01,61.8408,19.3253,854.1761,"2002-03-26 00:00:00",3.00,0.00,3.00
87,0,4,233,78,408,3,47.544,142.632,"2002-03-12 00:00:00","CARGO TRANSPORT 5",8.99,1.49,"2002-03-21 00:00:00",773.01,61.8408,19.3253,854.1761,"2002-03-26 00:00:00",3.00,0.00,3.00
88,1,4,198,74,431,3,41.223,123.669,"2002-03-12 00:00:00","CARGO TRANSPORT 5",8.99,1.49,"2002-03-21 00:00:00",656.586,52.5269,16.4147,725.5276,"2002-03-26 00:00:00",3.00,0.00,3.00
88,1,4,198,74,430,3,45.4965,136.4895,"2002-03-12 00:00:00","CARGO TRANSPORT 5",8.99,1.49,"2002-03-21 00:00:00",656.586,52.5269,16.4147,725.5276,"2002-03-26 00:00:00",3.00,0.00,3.00
88,1,4,198,74,429,3,41.223,123.669,"2002-03-12 00:00:00","CARGO TRANSPORT 5",8.99,1.49,"2002-03-21 00:00:00",656.586,52.5269,16.4147,725.5276,"2002-03-26 00:00:00",3.00,0.00,3.00
88,1,4,198,74,428,3,43.323,129.969,"2002-03-12 00:00:00","CARGO TRANSPORT 5",8.99,1.49,"2002-03-21 00:00:00",656.586,52.5269,16.4147,725.5276,"2002-03-26 00:00:00",3.00,0.00,3.00
88,1,4,198,74,427,3,47.5965,142.7895,"2002-03-12 00:00:00","CARGO TRANSPORT 5",8.99,1.49,"2002-03-21 00:00:00",656.586,52.5269,16.4147,725.5276,"2002-03-26 00:00:00",3.00,0.00,3.00
89,0,4,261,13,322,60,25.4205,1525.23,"2002-03-26 00:00:00","CARGO TRANSPORT 5",8.99,1.49,"2002-04-04 00:00:00",1796.0355,143.6828,44.9009,1984.6192,"2002-04-09 00:00:00",60.00,0.00,60.00
89,0,4,261,13,321,3,42.798,128.394,"2002-03-26 00:00:00","CARGO TRANSPORT 5",8.99,1.49,"2002-04-04 00:00:00",1796.0355,143.6828,44.9009,1984.6192,"2002-04-09 00:00:00",3.00,0.00,3.00
89,0,4,261,13,320,3,47.4705,142.4115,"2002-03-26 00:00:00","CARGO TRANSPORT 5",8.99,1.49,"2002-04-04 00:00:00",1796.0355,143.6828,44.9009,1984.6192,"2002-04-09 00:00:00",3.00,0.00,3.00
90,0,4,264,51,444,3,37.023,111.069,"2002-03-26 00:00:00","OVERNIGHT J-FAST",21.95,1.29,"2002-04-04 00:00:00",358.6275,28.6902,8.9657,396.2834,"2002-04-09 00:00:00",3.00,0.00,3.00
90,0,4,264,51,443,3,39.123,117.369,"2002-03-26 00:00:00","OVERNIGHT J-FAST",21.95,1.29,"2002-04-04 00:00:00",358.6275,28.6902,8.9657,396.2834,"2002-04-09 00:00:00",3.00,0.00,3.00
90,0,4,264,51,442,3,43.3965,130.1895,"2002-03-26 00:00:00","OVERNIGHT J-FAST",21.95,1.29,"2002-04-04 00:00:00",358.6275,28.6902,8.9657,396.2834,"2002-04-09 00:00:00",3.00,0.00,3.00
91,0,4,244,80,941,550,62.9895,34644.225,"2002-03-26 00:00:00","CARGO TRANSPORT 5",8.99,1.49,"2002-04-04 00:00:00",34644.225,2771.538,866.1056,38281.8686,"2002-04-09 00:00:00",550.00,0.00,550.00
92,0,4,274,47,321,3,40.488,121.464,"2002-03-26 00:00:00","OVERNIGHT J-FAST",21.95,1.29,"2002-04-04 00:00:00",257.5755,20.606,6.4394,284.6209,"2002-04-09 00:00:00",3.00,0.00,3.00
92,0,4,274,47,320,3,45.3705,136.1115,"2002-03-26 00:00:00","OVERNIGHT J-FAST",21.95,1.29,"2002-04-04 00:00:00",257.5755,20.606,6.4394,284.6209,"2002-04-09 00:00:00",3.00,0.00,3.00
93,0,4,241,81,504,3,48.762,146.286,"2002-03-30 00:00:00","CARGO TRANSPORT 5",8.99,1.49,"2002-04-08 00:00:00",146.286,11.7029,3.6572,161.6461,"2002-04-13 00:00:00",3.00,0.00,3.00
94,0,3,266,46,497,3,34.188,102.564,"2002-03-30 00:00:00","CARGO TRANSPORT 5",8.99,1.49,"2002-04-08 00:00:00",102.564,8.2051,2.5641,113.3332,"2002-04-13 00:00:00",3.00,3.00,0.00
95,0,4,164,21,323,3,50.2635,150.7905,"2002-03-30 00:00:00","CARGO TRANSPORT 5",8.99,1.49,"2002-04-08 00:00:00",150.7905,12.0632,3.7698,166.6235,"2002-04-13 00:00:00",3.00,0.00,3.00
96,0,4,223,27,524,550,14.1225,7767.375,"2002-03-30 00:00:00","CARGO TRANSPORT 5",8.99,1.49,"2002-04-08 00:00:00",13669.425,1093.554,341.7356,15104.7146,"2002-04-13 00:00:00",550.00,0.00,550.00
96,0,4,223,27,523,550,10.731,5902.05,"2002-03-30 00:00:00","CARGO TRANSPORT 5",8.99,1.49,"2002-04-08 00:00:00",13669.425,1093.554,341.7356,15104.7146,"2002-04-13 00:00:00",468.00,0.00,468.00
97,2,4,233,86,496,60,48.909,2934.54,"2002-04-09 00:00:00","CARGO TRANSPORT 5",8.99,1.49,"2002-04-18 00:00:00",16393.23,1311.4584,409.8308,18114.5192,"2002-04-23 00:00:00",60.00,0.00,60.00
97,2,4,233,86,495,60,63.693,3821.58,"2002-04-09 00:00:00","CARGO TRANSPORT 5",8.99,1.49,"2002-04-18 00:00:00",16393.23,1311.4584,409.8308,18114.5192,"2002-04-23 00:00:00",60.00,0.00,60.00
97,2,4,233,86,494,60,53.2035,3192.21,"2002-04-09 00:00:00","CARGO TRANSPORT 5",8.99,1.49,"2002-04-18 00:00:00",16393.23,1311.4584,409.8308,18114.5192,"2002-04-23 00:00:00",60.00,0.00,60.00
97,2,4,233,86,493,60,57.1515,3429.09,"2002-04-09 00:00:00","CARGO TRANSPORT 5",8.99,1.49,"2002-04-18 00:00:00",16393.23,1311.4584,409.8308,18114.5192,"2002-04-23 00:00:00",60.00,0.00,60.00
97,2,4,233,86,492,60,50.2635,3015.81,"2002-04-09 00:00:00","CARGO TRANSPORT 5",8.99,1.49,"2002-04-18 00:00:00",16393.23,1311.4584,409.8308,18114.5192,"2002-04-23 00:00:00",60.00,0.00,60.00
98,0,4,238,45,916,550,40.9395,22516.725,"2002-04-09 00:00:00","OVERNIGHT J-FAST",21.95,1.29,"2002-04-18 00:00:00",73377.15,5870.172,1834.4288,81081.7508,"2002-04-23 00:00:00",550.00,0.00,550.00
98,0,4,238,45,915,550,30.4395,16741.725,"2002-04-09 00:00:00","OVERNIGHT J-FAST",21.95,1.29,"2002-04-18 00:00:00",73377.15,5870.172,1834.4288,81081.7508,"2002-04-23 00:00:00",550.00,0.00,550.00
98,0,4,238,45,914,550,21.0945,11601.975,"2002-04-09 00:00:00","OVERNIGHT J-FAST",21.95,1.29,"2002-04-18 00:00:00",73377.15,5870.172,1834.4288,81081.7508,"2002-04-23 00:00:00",550.00,0.00,550.00
98,0,4,238,45,913,550,40.9395,22516.725,"2002-04-09 00:00:00","OVERNIGHT J-FAST",21.95,1.29,"2002-04-18 00:00:00",73377.15,5870.172,1834.4288,81081.7508,"2002-04-23 00:00:00",550.00,0.00,550.00
99,0,4,261,93,506,60,9.198,551.88,"2002-04-09 00:00:00","XRQ - TRUCK GROUND",3.95,0.99,"2002-04-18 00:00:00",551.88,44.1504,13.797,609.8274,"2002-04-23 00:00:00",60.00,0.00,60.00
100,0,4,264,64,679,550,5.775,3176.25,"2002-04-09 00:00:00","XRQ - TRUCK GROUND",3.95,0.99,"2002-04-18 00:00:00",6987.75,559.02,174.6938,7721.4638,"2002-04-23 00:00:00",550.00,0.00,550.00
100,0,4,264,64,352,550,1.155,635.25,"2002-04-09 00:00:00","XRQ - TRUCK GROUND",3.95,0.99,"2002-04-18 00:00:00",6987.75,559.02,174.6938,7721.4638,"2002-04-23 00:00:00",550.00,55.00,495.00
100,0,4,264,64,351,550,5.775,3176.25,"2002-04-09 00:00:00","XRQ - TRUCK GROUND",3.95,0.99,"2002-04-18 00:00:00",6987.75,559.02,174.6938,7721.4638,"2002-04-23 00:00:00",550.00,0.00,550.00
101,1,4,244,4,508,550,27.6465,15205.575,"2002-04-09 00:00:00","ZY - EXPRESS",9.95,1.99,"2002-04-18 00:00:00",28072.275,2245.782,701.8069,31019.8639,"2002-04-23 00:00:00",550.00,0.00,550.00
101,1,4,244,4,507,550,23.394,12866.7,"2002-04-09 00:00:00","ZY - EXPRESS",9.95,1.99,"2002-04-18 00:00:00",28072.275,2245.782,701.8069,31019.8639,"2002-04-23 00:00:00",550.00,0.00,550.00
102,0,4,231,17,940,550,62.9895,34644.225,"2002-04-09 00:00:00","XRQ - TRUCK GROUND",3.95,0.99,"2002-04-18 00:00:00",35394.975,2831.598,884.8744,39111.4474,"2002-04-23 00:00:00",550.00,0.00,550.00
102,0,4,231,17,355,550,1.365,750.75,"2002-04-09 00:00:00","XRQ - TRUCK GROUND",3.95,0.99,"2002-04-18 00:00:00",35394.975,2831.598,884.8744,39111.4474,"2002-04-23 00:00:00",550.00,82.00,468.00
103,0,4,241,12,679,550,6.195,3407.25,"2002-04-09 00:00:00","XRQ - TRUCK GROUND",3.95,0.99,"2002-04-18 00:00:00",3407.25,272.58,85.1813,3765.0113,"2002-04-23 00:00:00",550.00,0.00,550.00
104,0,3,266,44,508,550,29.2845,16106.475,"2002-04-09 00:00:00","ZY - EXPRESS",9.95,1.99,"2002-04-18 00:00:00",28297.5,2263.8,707.4375,31268.7375,"2002-04-23 00:00:00",550.00,550.00,0.00
104,0,3,266,44,507,550,22.1655,12191.025,"2002-04-09 00:00:00","ZY - EXPRESS",9.95,1.99,"2002-04-18 00:00:00",28297.5,2263.8,707.4375,31268.7375,"2002-04-23 00:00:00",550.00,550.00,0.00
105,0,4,164,30,491,3,19.9815,59.9445,"2002-04-09 00:00:00","ZY - EXPRESS",9.95,1.99,"2002-04-18 00:00:00",59.9445,4.7956,1.4986,66.2387,"2002-04-23 00:00:00",3.00,0.00,3.00
106,0,4,223,8,349,3,39.144,117.432,"2002-04-09 00:00:00","OVERNIGHT J-FAST",21.95,1.29,"2002-04-18 00:00:00",332.955,26.6364,8.3239,367.9153,"2002-04-23 00:00:00",3.00,0.00,3.00
106,0,4,223,8,348,3,34.8705,104.6115,"2002-04-09 00:00:00","OVERNIGHT J-FAST",21.95,1.29,"2002-04-18 00:00:00",332.955,26.6364,8.3239,367.9153,"2002-04-23 00:00:00",3.00,0.00,3.00
106,0,4,223,8,347,3,36.9705,110.9115,"2002-04-09 00:00:00","OVERNIGHT J-FAST",21.95,1.29,"2002-04-18 00:00:00",332.955,26.6364,8.3239,367.9153,"2002-04-23 00:00:00",3.00,0.00,3.00
107,0,4,233,73,936,550,48.2895,26559.225,"2002-04-09 00:00:00","CARGO TRANSPORT 5",8.99,1.49,"2002-04-18 00:00:00",43878.45,3510.276,1096.9613,48485.6873,"2002-04-23 00:00:00",550.00,0.00,550.00
107,0,4,233,73,935,550,31.4895,17319.225,"2002-04-09 00:00:00","CARGO TRANSPORT 5",8.99,1.49,"2002-04-18 00:00:00",43878.45,3510.276,1096.9613,48485.6873,"2002-04-23 00:00:00",550.00,0.00,550.00
108,0,4,238,76,384,3,43.2705,129.8115,"2002-04-09 00:00:00","OVERNIGHT J-FAST",21.95,1.29,"2002-04-18 00:00:00",674.3835,53.9507,16.8596,745.1938,"2002-04-23 00:00:00",3.00,0.00,3.00
108,0,4,238,76,383,3,47.544,142.632,"2002-04-09 00:00:00","OVERNIGHT J-FAST",21.95,1.29,"2002-04-18 00:00:00",674.3835,53.9507,16.8596,745.1938,"2002-04-23 00:00:00",3.00,0.00,3.00
108,0,4,238,76,382,3,43.2705,129.8115,"2002-04-09 00:00:00","OVERNIGHT J-FAST",21.95,1.29,"2002-04-18 00:00:00",674.3835,53.9507,16.8596,745.1938,"2002-04-23 00:00:00",3.00,0.00,3.00
108,0,4,238,76,381,3,47.4915,142.4745,"2002-04-09 00:00:00","OVERNIGHT J-FAST",21.95,1.29,"2002-04-18 00:00:00",674.3835,53.9507,16.8596,745.1938,"2002-04-23 00:00:00",3.00,0.00,3.00
108,0,4,238,76,380,3,43.218,129.654,"2002-04-09 00:00:00","OVERNIGHT J-FAST",21.95,1.29,"2002-04-18 00:00:00",674.3835,53.9507,16.8596,745.1938,"2002-04-23 00:00:00",3.00,0.00,3.00
109,0,4,261,77,483,550,9.6915,5330.325,"2002-04-09 00:00:00","ZY - EXPRESS",9.95,1.99,"2002-04-18 00:00:00",31398.675,2511.894,784.9669,34695.5359,"2002-04-23 00:00:00",550.00,0.00,550.00
109,0,4,261,77,482,550,8.757,4816.35,"2002-04-09 00:00:00","ZY - EXPRESS",9.95,1.99,"2002-04-18 00:00:00",31398.675,2511.894,784.9669,34695.5359,"2002-04-23 00:00:00",550.00,0.00,550.00
109,0,4,261,77,481,550,11.088,6098.4,"2002-04-09 00:00:00","ZY - EXPRESS",9.95,1.99,"2002-04-18 00:00:00",31398.675,2511.894,784.9669,34695.5359,"2002-04-23 00:00:00",550.00,0.00,550.00
109,0,4,261,77,480,550,11.6655,6416.025,"2002-04-09 00:00:00","ZY - EXPRESS",9.95,1.99,"2002-04-18 00:00:00",31398.675,2511.894,784.9669,34695.5359,"2002-04-23 00:00:00",550.00,0.00,550.00
109,0,4,261,77,479,550,15.8865,8737.575,"2002-04-09 00:00:00","ZY - EXPRESS",9.95,1.99,"2002-04-18 00:00:00",31398.675,2511.894,784.9669,34695.5359,"2002-04-23 00:00:00",550.00,0.00,550.00
110,0,4,274,28,402,3,47.4705,142.4115,"2002-04-09 00:00:00","CARGO TRANSPORT 5",8.99,1.49,"2002-04-18 00:00:00",142.4115,11.3929,3.5603,157.3647,"2002-04-23 00:00:00",3.00,0.00,3.00
111,0,4,244,2,512,550,34.9755,19236.525,"2002-04-09 00:00:00","CARGO TRANSPORT 5",8.99,1.49,"2002-04-18 00:00:00",19236.525,1538.922,480.9131,21256.3601,"2002-04-23 00:00:00",550.00,0.00,550.00
112,0,4,231,87,407,3,47.544,142.632,"2002-04-09 00:00:00","OVERNIGHT J-FAST",21.95,1.29,"2002-04-18 00:00:00",272.4435,21.7955,6.8111,301.0501,"2002-04-23 00:00:00",3.00,0.00,3.00
112,0,4,231,87,406,3,43.2705,129.8115,"2002-04-09 00:00:00","OVERNIGHT J-FAST",21.95,1.29,"2002-04-18 00:00:00",272.4435,21.7955,6.8111,301.0501,"2002-04-23 00:00:00",3.00,0.00,3.00
113,1,4,241,31,525,550,2.3205,1276.275,"2002-04-10 00:00:00","XRQ - TRUCK GROUND",3.95,0.99,"2002-04-19 00:00:00",1276.275,102.102,31.9069,1410.2839,"2002-04-24 00:00:00",550.00,0.00,550.00
114,0,3,266,26,526,550,3.6435,2003.925,"2002-04-10 00:00:00","XRQ - TRUCK GROUND",3.95,0.99,"2002-04-19 00:00:00",2003.925,160.314,50.0981,2214.3371,"2002-04-24 00:00:00",550.00,550.00,0.00
115,0,4,164,24,913,550,40.9395,22516.725,"2002-04-10 00:00:00","ZY - EXPRESS",9.95,1.99,"2002-04-19 00:00:00",50860.425,4068.834,1271.5106,56200.7696,"2002-04-24 00:00:00",550.00,0.00,550.00
115,0,4,164,24,909,550,30.4395,16741.725,"2002-04-10 00:00:00","ZY - EXPRESS",9.95,1.99,"2002-04-19 00:00:00",50860.425,4068.834,1271.5106,56200.7696,"2002-04-24 00:00:00",523.00,0.00,523.00
115,0,4,164,24,908,550,21.0945,11601.975,"2002-04-10 00:00:00","ZY - EXPRESS",9.95,1.99,"2002-04-19 00:00:00",50860.425,4068.834,1271.5106,56200.7696,"2002-04-24 00:00:00",550.00,0.00,550.00
116,0,4,223,48,357,60,3.9795,238.77,"2002-04-10 00:00:00","XRQ - TRUCK GROUND",3.95,0.99,"2002-04-19 00:00:00",454.86,36.3888,11.3715,502.6203,"2002-04-24 00:00:00",60.00,0.00,60.00
116,0,4,223,48,356,60,3.6015,216.09,"2002-04-10 00:00:00","XRQ - TRUCK GROUND",3.95,0.99,"2002-04-19 00:00:00",454.86,36.3888,11.3715,502.6203,"2002-04-24 00:00:00",51.00,0.00,51.00
117,0,4,233,88,936,550,48.2895,26559.225,"2002-04-10 00:00:00","CARGO TRANSPORT 5",8.99,1.49,"2002-04-19 00:00:00",43878.45,3510.276,1096.9613,48485.6873,"2002-04-24 00:00:00",550.00,0.00,550.00
117,0,4,233,88,935,550,31.4895,17319.225,"2002-04-10 00:00:00","CARGO TRANSPORT 5",8.99,1.49,"2002-04-19 00:00:00",43878.45,3510.276,1096.9613,48485.6873,"2002-04-24 00:00:00",550.00,0.00,550.00
118,1,4,238,96,524,550,12.9675,7132.125,"2002-04-10 00:00:00","ZY - EXPRESS",9.95,1.99,"2002-04-19 00:00:00",7132.125,570.57,178.3031,7880.9981,"2002-04-24 00:00:00",550.00,0.00,550.00
119,0,4,261,39,912,550,30.4395,16741.725,"2002-04-10 00:00:00","ZY - EXPRESS",9.95,1.99,"2002-04-19 00:00:00",28343.7,2267.496,708.5925,31319.7885,"2002-04-24 00:00:00",550.00,0.00,550.00
119,0,4,261,39,911,550,21.0945,11601.975,"2002-04-10 00:00:00","ZY - EXPRESS",9.95,1.99,"2002-04-19 00:00:00",28343.7,2267.496,708.5925,31319.7885,"2002-04-24 00:00:00",550.00,0.00,550.00
120,0,4,264,52,910,550,40.9395,22516.725,"2002-04-10 00:00:00","OVERNIGHT J-FAST",21.95,1.29,"2002-04-19 00:00:00",22516.725,1801.338,562.9181,24880.9811,"2002-04-24 00:00:00",550.00,0.00,550.00
121,0,4,274,43,937,550,62.9895,34644.225,"2002-04-10 00:00:00","CARGO TRANSPORT 5",8.99,1.49,"2002-04-19 00:00:00",34644.225,2771.538,866.1056,38281.8686,"2002-04-24 00:00:00",550.00,0.00,550.00
122,0,4,231,37,467,3,43.323,129.969,"2002-04-10 00:00:00","OVERNIGHT J-FAST",21.95,1.29,"2002-04-19 00:00:00",266.238,21.299,6.656,294.193,"2002-04-24 00:00:00",3.00,0.00,3.00
122,0,4,231,37,466,3,45.423,136.269,"2002-04-10 00:00:00","OVERNIGHT J-FAST",21.95,1.29,"2002-04-19 00:00:00",266.238,21.299,6.656,294.193,"2002-04-24 00:00:00",3.00,0.00,3.00
123,1,4,241,1,462,3,47.6805,143.0415,"2002-04-10 00:00:00","CARGO TRANSPORT 5",8.99,1.49,"2002-04-19 00:00:00",143.0415,11.4433,3.576,158.0608,"2002-04-24 00:00:00",3.00,0.00,3.00
124,0,3,266,56,511,550,27.867,15326.85,"2002-04-10 00:00:00","ZY - EXPRESS",9.95,1.99,"2002-04-19 00:00:00",28199.325,2255.946,704.9831,31160.2541,"2002-04-24 00:00:00",550.00,550.00,0.00
124,0,3,266,56,510,550,23.4045,12872.475,"2002-04-10 00:00:00","ZY - EXPRESS",9.95,1.99,"2002-04-19 00:00:00",28199.325,2255.946,704.9831,31160.2541,"2002-04-24 00:00:00",550.00,550.00,0.00
125,0,4,164,60,527,550,6.7515,3713.325,"2002-04-10 00:00:00","XRQ - TRUCK GROUND",3.95,0.99,"2002-04-19 00:00:00",3713.325,297.066,92.8331,4103.2241,"2002-04-24 00:00:00",550.00,0.00,550.00
126,0,4,223,53,509,550,36.2775,19952.625,"2002-04-10 00:00:00","CARGO TRANSPORT 5",8.99,1.49,"2002-04-19 00:00:00",63831.075,5106.486,1595.7769,70533.3379,"2002-04-24 00:00:00",550.00,0.00,550.00
126,0,4,223,53,939,550,48.2895,26559.225,"2002-04-10 00:00:00","CARGO TRANSPORT 5",8.99,1.49,"2002-04-19 00:00:00",63831.075,5106.486,1595.7769,70533.3379,"2002-04-24 00:00:00",550.00,0.00,550.00
126,0,4,223,53,938,550,31.4895,17319.225,"2002-04-10 00:00:00","CARGO TRANSPORT 5",8.99,1.49,"2002-04-19 00:00:00",63831.075,5106.486,1595.7769,70533.3379,"2002-04-24 00:00:00",468.00,0.00,468.00
127,0,4,233,10,496,60,49.6545,2979.27,"2002-04-10 00:00:00","CARGO TRANSPORT 5",8.99,1.49,"2002-04-19 00:00:00",16340.31,1307.2248,408.5078,18056.0426,"2002-04-24 00:00:00",60.00,0.00,60.00
127,0,4,233,10,495,60,62.9265,3775.59,"2002-04-10 00:00:00","CARGO TRANSPORT 5",8.99,1.49,"2002-04-19 00:00:00",16340.31,1307.2248,408.5078,18056.0426,"2002-04-24 00:00:00",60.00,0.00,60.00
127,0,4,233,10,494,60,50.7465,3044.79,"2002-04-10 00:00:00","CARGO TRANSPORT 5",8.99,1.49,"2002-04-19 00:00:00",16340.31,1307.2248,408.5078,18056.0426,"2002-04-24 00:00:00",60.00,0.00,60.00
127,0,4,233,10,493,60,58.2645,3495.87,"2002-04-10 00:00:00","CARGO TRANSPORT 5",8.99,1.49,"2002-04-19 00:00:00",16340.31,1307.2248,408.5078,18056.0426,"2002-04-24 00:00:00",60.00,0.00,60.00
127,0,4,233,10,492,60,50.7465,3044.79,"2002-04-10 00:00:00","CARGO TRANSPORT 5",8.99,1.49,"2002-04-19 00:00:00",16340.31,1307.2248,408.5078,18056.0426,"2002-04-24 00:00:00",60.00,0.00,60.00
128,0,4,238,66,523,550,10.3845,5711.475,"2002-04-10 00:00:00","CARGO TRANSPORT 5",8.99,1.49,"2002-04-19 00:00:00",5711.475,456.918,142.7869,6311.1799,"2002-04-24 00:00:00",550.00,0.00,550.00
129,0,4,261,68,429,3,41.3805,124.1415,"2002-04-15 00:00:00","OVERNIGHT J-FAST",21.95,1.29,"2002-04-24 00:00:00",665.028,53.2022,16.6257,734.8559,"2002-04-29 00:00:00",3.00,0.00,3.00
129,0,4,261,68,428,3,43.4805,130.4415,"2002-04-15 00:00:00","OVERNIGHT J-FAST",21.95,1.29,"2002-04-24 00:00:00",665.028,53.2022,16.6257,734.8559,"2002-04-29 00:00:00",3.00,0.00,3.00
129,0,4,261,68,427,3,47.754,143.262,"2002-04-15 00:00:00","OVERNIGHT J-FAST",21.95,1.29,"2002-04-24 00:00:00",665.028,53.2022,16.6257,734.8559,"2002-04-29 00:00:00",3.00,0.00,3.00
129,0,4,261,68,426,3,43.4805,130.4415,"2002-04-15 00:00:00","OVERNIGHT J-FAST",21.95,1.29,"2002-04-24 00:00:00",665.028,53.2022,16.6257,734.8559,"2002-04-29 00:00:00",3.00,0.00,3.00
129,0,4,261,68,425,3,45.5805,136.7415,"2002-04-15 00:00:00","OVERNIGHT J-FAST",21.95,1.29,"2002-04-24 00:00:00",665.028,53.2022,16.6257,734.8559,"2002-04-29 00:00:00",3.00,0.00,3.00
130,0,4,264,61,491,3,19.9395,59.8185,"2002-04-15 00:00:00","ZY - EXPRESS",9.95,1.99,"2002-04-24 00:00:00",97.965,7.8372,2.4491,108.2513,"2002-04-29 00:00:00",3.00,0.00,3.00
130,0,4,264,61,490,3,12.7155,38.1465,"2002-04-15 00:00:00","ZY - EXPRESS",9.95,1.99,"2002-04-24 00:00:00",97.965,7.8372,2.4491,108.2513,"2002-04-29 00:00:00",3.00,0.00,3.00
131,0,4,244,5,528,3,38.157,114.471,"2002-04-15 00:00:00","OVERNIGHT J-FAST",21.95,1.29,"2002-04-24 00:00:00",114.471,9.1577,2.8618,126.4905,"2002-04-29 00:00:00",3.00,0.00,3.00
132,2,4,231,58,505,3,44.2155,132.6465,"2002-04-15 00:00:00","OVERNIGHT J-FAST",21.95,1.29,"2002-04-24 00:00:00",132.6465,10.6117,3.3162,146.5744,"2002-04-29 00:00:00",3.00,0.00,3.00
133,0,4,241,35,939,550,48.2895,26559.225,"2002-04-29 00:00:00","CARGO TRANSPORT 5",8.99,1.49,"2002-05-08 00:00:00",43878.45,3510.276,1096.9613,48485.6873,"2002-05-13 00:00:00",550.00,0.00,550.00
133,0,4,241,35,938,550,31.4895,17319.225,"2002-04-29 00:00:00","CARGO TRANSPORT 5",8.99,1.49,"2002-05-08 00:00:00",43878.45,3510.276,1096.9613,48485.6873,"2002-05-13 00:00:00",550.00,0.00,550.00
134,0,3,266,103,358,60,6.9825,418.95,"2002-04-29 00:00:00","XRQ - TRUCK GROUND",3.95,0.99,"2002-05-08 00:00:00",418.95,33.516,10.4738,462.9398,"2002-05-13 00:00:00",60.00,60.00,0.00
135,0,4,164,7,460,3,43.323,129.969,"2002-04-29 00:00:00","OVERNIGHT J-FAST",21.95,1.29,"2002-05-08 00:00:00",3413.2455,273.0596,85.3311,3771.6362,"2002-05-13 00:00:00",3.00,0.00,3.00
135,0,4,164,7,459,3,47.5965,142.7895,"2002-04-29 00:00:00","OVERNIGHT J-FAST",21.95,1.29,"2002-05-08 00:00:00",3413.2455,273.0596,85.3311,3771.6362,"2002-05-13 00:00:00",3.00,0.00,3.00
135,0,4,164,7,458,3,43.323,129.969,"2002-04-29 00:00:00","OVERNIGHT J-FAST",21.95,1.29,"2002-05-08 00:00:00",3413.2455,273.0596,85.3311,3771.6362,"2002-05-13 00:00:00",3.00,0.00,3.00
135,0,4,164,7,457,3,45.423,136.269,"2002-04-29 00:00:00","OVERNIGHT J-FAST",21.95,1.29,"2002-05-08 00:00:00",3413.2455,273.0596,85.3311,3771.6362,"2002-05-13 00:00:00",3.00,0.00,3.00
135,0,4,164,7,456,3,49.6965,149.0895,"2002-04-29 00:00:00","OVERNIGHT J-FAST",21.95,1.29,"2002-05-08 00:00:00",3413.2455,273.0596,85.3311,3771.6362,"2002-05-13 00:00:00",3.00,0.00,3.00
135,0,4,164,7,455,3,45.423,136.269,"2002-04-29 00:00:00","OVERNIGHT J-FAST",21.95,1.29,"2002-05-08 00:00:00",3413.2455,273.0596,85.3311,3771.6362,"2002-05-13 00:00:00",3.00,0.00,3.00
135,0,4,164,7,454,3,47.523,142.569,"2002-04-29 00:00:00","OVERNIGHT J-FAST",21.95,1.29,"2002-05-08 00:00:00",3413.2455,273.0596,85.3311,3771.6362,"2002-05-13 00:00:00",3.00,0.00,3.00
135,0,4,164,7,453,3,37.1805,111.5415,"2002-04-29 00:00:00","OVERNIGHT J-FAST",21.95,1.29,"2002-05-08 00:00:00",3413.2455,273.0596,85.3311,3771.6362,"2002-05-13 00:00:00",3.00,0.00,3.00
135,0,4,164,7,452,3,41.454,124.362,"2002-04-29 00:00:00","OVERNIGHT J-FAST",21.95,1.29,"2002-05-08 00:00:00",3413.2455,273.0596,85.3311,3771.6362,"2002-05-13 00:00:00",3.00,0.00,3.00
135,0,4,164,7,451,3,37.1805,111.5415,"2002-04-29 00:00:00","OVERNIGHT J-FAST",21.95,1.29,"2002-05-08 00:00:00",3413.2455,273.0596,85.3311,3771.6362,"2002-05-13 00:00:00",3.00,0.00,3.00
135,0,4,164,7,450,3,39.2805,117.8415,"2002-04-29 00:00:00","OVERNIGHT J-FAST",21.95,1.29,"2002-05-08 00:00:00",3413.2455,273.0596,85.3311,3771.6362,"2002-05-13 00:00:00",3.00,0.00,3.00
135,0,4,164,7,449,3,43.554,130.662,"2002-04-29 00:00:00","OVERNIGHT J-FAST",21.95,1.29,"2002-05-08 00:00:00",3413.2455,273.0596,85.3311,3771.6362,"2002-05-13 00:00:00",3.00,0.00,3.00
135,0,4,164,7,448,3,39.2805,117.8415,"2002-04-29 00:00:00","OVERNIGHT J-FAST",21.95,1.29,"2002-05-08 00:00:00",3413.2455,273.0596,85.3311,3771.6362,"2002-05-13 00:00:00",3.00,0.00,3.00
135,0,4,164,7,447,3,41.3805,124.1415,"2002-04-29 00:00:00","OVERNIGHT J-FAST",21.95,1.29,"2002-05-08 00:00:00",3413.2455,273.0596,85.3311,3771.6362,"2002-05-13 00:00:00",3.00,0.00,3.00
135,0,4,164,7,446,3,45.654,136.962,"2002-04-29 00:00:00","OVERNIGHT J-FAST",21.95,1.29,"2002-05-08 00:00:00",3413.2455,273.0596,85.3311,3771.6362,"2002-05-13 00:00:00",3.00,0.00,3.00
135,0,4,164,7,445,3,41.3805,124.1415,"2002-04-29 00:00:00","OVERNIGHT J-FAST",21.95,1.29,"2002-05-08 00:00:00",3413.2455,273.0596,85.3311,3771.6362,"2002-05-13 00:00:00",3.00,0.00,3.00
135,0,4,164,7,444,3,43.4805,130.4415,"2002-04-29 00:00:00","OVERNIGHT J-FAST",21.95,1.29,"2002-05-08 00:00:00",3413.2455,273.0596,85.3311,3771.6362,"2002-05-13 00:00:00",3.00,0.00,3.00
135,0,4,164,7,443,3,47.754,143.262,"2002-04-29 00:00:00","OVERNIGHT J-FAST",21.95,1.29,"2002-05-08 00:00:00",3413.2455,273.0596,85.3311,3771.6362,"2002-05-13 00:00:00",3.00,0.00,3.00
135,0,4,164,7,442,3,43.4805,130.4415,"2002-04-29 00:00:00","OVERNIGHT J-FAST",21.95,1.29,"2002-05-08 00:00:00",3413.2455,273.0596,85.3311,3771.6362,"2002-05-13 00:00:00",3.00,0.00,3.00
135,0,4,164,7,441,3,45.5805,136.7415,"2002-04-29 00:00:00","OVERNIGHT J-FAST",21.95,1.29,"2002-05-08 00:00:00",3413.2455,273.0596,85.3311,3771.6362,"2002-05-13 00:00:00",3.00,0.00,3.00
135,0,4,164,7,440,3,49.854,149.562,"2002-04-29 00:00:00","OVERNIGHT J-FAST",21.95,1.29,"2002-05-08 00:00:00",3413.2455,273.0596,85.3311,3771.6362,"2002-05-13 00:00:00",3.00,0.00,3.00
135,0,4,164,7,439,3,45.5805,136.7415,"2002-04-29 00:00:00","OVERNIGHT J-FAST",21.95,1.29,"2002-05-08 00:00:00",3413.2455,273.0596,85.3311,3771.6362,"2002-05-13 00:00:00",3.00,0.00,3.00
135,0,4,164,7,438,3,47.6805,143.0415,"2002-04-29 00:00:00","OVERNIGHT J-FAST",21.95,1.29,"2002-05-08 00:00:00",3413.2455,273.0596,85.3311,3771.6362,"2002-05-13 00:00:00",3.00,0.00,3.00
135,0,4,164,7,381,3,39.0705,117.2115,"2002-04-29 00:00:00","OVERNIGHT J-FAST",21.95,1.29,"2002-05-08 00:00:00",3413.2455,273.0596,85.3311,3771.6362,"2002-05-13 00:00:00",3.00,0.00,3.00
135,0,4,164,7,380,3,41.1705,123.5115,"2002-04-29 00:00:00","OVERNIGHT J-FAST",21.95,1.29,"2002-05-08 00:00:00",3413.2455,273.0596,85.3311,3771.6362,"2002-05-13 00:00:00",3.00,0.00,3.00
135,0,4,164,7,379,3,45.444,136.332,"2002-04-29 00:00:00","OVERNIGHT J-FAST",21.95,1.29,"2002-05-08 00:00:00",3413.2455,273.0596,85.3311,3771.6362,"2002-05-13 00:00:00",3.00,0.00,3.00
136,0,4,223,69,357,60,4.3155,258.93,"2002-04-29 00:00:00","XRQ - TRUCK GROUND",3.95,0.99,"2002-05-08 00:00:00",461.79,36.9432,11.5448,510.278,"2002-05-13 00:00:00",60.00,0.00,60.00
136,0,4,223,69,356,60,3.381,202.86,"2002-04-29 00:00:00","XRQ - TRUCK GROUND",3.95,0.99,"2002-05-08 00:00:00",461.79,36.9432,11.5448,510.278,"2002-05-13 00:00:00",51.00,0.00,51.00
137,2,4,233,23,385,3,43.218,129.654,"2002-05-13 00:00:00","OVERNIGHT J-FAST",21.95,1.29,"2002-05-22 00:00:00",722.4525,57.7962,18.0613,798.31,"2002-05-27 00:00:00",3.00,0.00,3.00
137,2,4,233,23,384,3,36.9705,110.9115,"2002-05-13 00:00:00","OVERNIGHT J-FAST",21.95,1.29,"2002-05-22 00:00:00",722.4525,57.7962,18.0613,798.31,"2002-05-27 00:00:00",3.00,0.00,3.00
137,2,4,233,23,383,3,41.244,123.732,"2002-05-13 00:00:00","OVERNIGHT J-FAST",21.95,1.29,"2002-05-22 00:00:00",722.4525,57.7962,18.0613,798.31,"2002-05-27 00:00:00",3.00,0.00,3.00
137,2,4,233,23,382,3,36.9705,110.9115,"2002-05-13 00:00:00","OVERNIGHT J-FAST",21.95,1.29,"2002-05-22 00:00:00",722.4525,57.7962,18.0613,798.31,"2002-05-27 00:00:00",3.00,0.00,3.00
137,2,4,233,23,381,3,39.0705,117.2115,"2002-05-13 00:00:00","OVERNIGHT J-FAST",21.95,1.29,"2002-05-22 00:00:00",722.4525,57.7962,18.0613,798.31,"2002-05-27 00:00:00",3.00,0.00,3.00
137,2,4,233,23,380,3,43.344,130.032,"2002-05-13 00:00:00","OVERNIGHT J-FAST",21.95,1.29,"2002-05-22 00:00:00",722.4525,57.7962,18.0613,798.31,"2002-05-27 00:00:00",3.00,0.00,3.00
138,0,4,238,75,490,3,12.3585,37.0755,"2002-05-13 00:00:00","ZY - EXPRESS",9.95,1.99,"2002-05-22 00:00:00",37.0755,2.966,0.9269,40.9684,"2002-05-27 00:00:00",3.00,0.00,3.00
139,1,4,198,3,513,550,39.1965,21558.075,"2002-05-13 00:00:00","OVERNIGHT J-FAST",21.95,1.29,"2002-05-22 00:00:00",21558.075,1724.646,538.9519,23821.6729,"2002-05-27 00:00:00",550.00,0.00,550.00
140,0,4,264,54,409,3,41.244,123.732,"2002-05-13 00:00:00","OVERNIGHT J-FAST",21.95,1.29,"2002-05-22 00:00:00",351.855,28.1484,8.7964,388.7998,"2002-05-27 00:00:00",3.00,0.00,3.00
140,0,4,264,54,408,3,36.9705,110.9115,"2002-05-13 00:00:00","OVERNIGHT J-FAST",21.95,1.29,"2002-05-22 00:00:00",351.855,28.1484,8.7964,388.7998,"2002-05-27 00:00:00",3.00,0.00,3.00
140,0,4,264,54,407,3,39.0705,117.2115,"2002-05-13 00:00:00","OVERNIGHT J-FAST",21.95,1.29,"2002-05-22 00:00:00",351.855,28.1484,8.7964,388.7998,"2002-05-27 00:00:00",3.00,0.00,3.00
141,0,4,244,104,934,550,38.1465,20980.575,"2002-05-13 00:00:00","OVERNIGHT J-FAST",21.95,1.29,"2002-05-22 00:00:00",45172.05,3613.764,1129.3013,49915.1153,"2002-05-27 00:00:00",550.00,0.00,550.00
141,0,4,244,104,933,550,43.9845,24191.475,"2002-05-13 00:00:00","OVERNIGHT J-FAST",21.95,1.29,"2002-05-22 00:00:00",45172.05,3613.764,1129.3013,49915.1153,"2002-05-27 00:00:00",550.00,0.00,550.00
142,2,4,231,25,426,3,43.4805,130.4415,"2002-05-13 00:00:00","OVERNIGHT J-FAST",21.95,1.29,"2002-05-22 00:00:00",267.183,21.3746,6.6796,295.2372,"2002-05-27 00:00:00",3.00,0.00,3.00
142,2,4,231,25,425,3,45.5805,136.7415,"2002-05-13 00:00:00","OVERNIGHT J-FAST",21.95,1.29,"2002-05-22 00:00:00",267.183,21.3746,6.6796,295.2372,"2002-05-27 00:00:00",3.00,0.00,3.00
143,0,4,241,90,345,3,43.3755,130.1265,"2002-05-13 00:00:00","CARGO TRANSPORT 5",8.99,1.49,"2002-05-22 00:00:00",415.8,33.264,10.395,459.459,"2002-05-27 00:00:00",3.00,0.00,3.00
143,0,4,241,90,344,3,45.4755,136.4265,"2002-05-13 00:00:00","CARGO TRANSPORT 5",8.99,1.49,"2002-05-22 00:00:00",415.8,33.264,10.395,459.459,"2002-05-27 00:00:00",3.00,0.00,3.00
143,0,4,241,90,343,3,49.749,149.247,"2002-05-13 00:00:00","CARGO TRANSPORT 5",8.99,1.49,"2002-05-22 00:00:00",415.8,33.264,10.395,459.459,"2002-05-27 00:00:00",3.00,0.00,3.00
144,1,3,266,33,932,550,39.2385,21581.175,"2002-05-13 00:00:00","CARGO TRANSPORT 5",8.99,1.49,"2002-05-22 00:00:00",40471.2,3237.696,1011.78,44720.676,"2002-05-27 00:00:00",550.00,550.00,0.00
144,1,3,266,33,931,550,34.3455,18890.025,"2002-05-13 00:00:00","CARGO TRANSPORT 5",8.99,1.49,"2002-05-22 00:00:00",40471.2,3237.696,1011.78,44720.676,"2002-05-27 00:00:00",550.00,550.00,0.00
145,0,4,274,41,349,3,45.444,136.332,"2002-05-13 00:00:00","OVERNIGHT J-FAST",21.95,1.29,"2002-05-22 00:00:00",662.0985,52.9679,16.5525,731.6189,"2002-05-27 00:00:00",3.00,0.00,3.00
145,0,4,274,41,348,3,41.1705,123.5115,"2002-05-13 00:00:00","OVERNIGHT J-FAST",21.95,1.29,"2002-05-22 00:00:00",662.0985,52.9679,16.5525,731.6189,"2002-05-27 00:00:00",3.00,0.00,3.00
145,0,4,274,41,347,3,43.2705,129.8115,"2002-05-13 00:00:00","OVERNIGHT J-FAST",21.95,1.29,"2002-05-22 00:00:00",662.0985,52.9679,16.5525,731.6189,"2002-05-27 00:00:00",3.00,0.00,3.00
145,0,4,274,41,346,3,47.544,142.632,"2002-05-13 00:00:00","OVERNIGHT J-FAST",21.95,1.29,"2002-05-22 00:00:00",662.0985,52.9679,16.5525,731.6189,"2002-05-27 00:00:00",3.00,0.00,3.00
145,0,4,274,41,345,3,43.2705,129.8115,"2002-05-13 00:00:00","OVERNIGHT J-FAST",21.95,1.29,"2002-05-22 00:00:00",662.0985,52.9679,16.5525,731.6189,"2002-05-27 00:00:00",3.00,0.00,3.00
146,0,4,223,55,930,550,43.0395,23671.725,"2002-05-13 00:00:00","CARGO TRANSPORT 5",8.99,1.49,"2002-05-22 00:00:00",62092.8,4967.424,1552.32,68612.544,"2002-05-27 00:00:00",550.00,0.00,550.00
146,0,4,223,55,929,550,37.086,20397.3,"2002-05-13 00:00:00","CARGO TRANSPORT 5",8.99,1.49,"2002-05-22 00:00:00",62092.8,4967.424,1552.32,68612.544,"2002-05-27 00:00:00",550.00,0.00,550.00
146,0,4,223,55,928,550,32.7705,18023.775,"2002-05-13 00:00:00","CARGO TRANSPORT 5",8.99,1.49,"2002-05-22 00:00:00",62092.8,4967.424,1552.32,68612.544,"2002-05-27 00:00:00",468.00,0.00,468.00
147,0,4,233,70,332,550,10.815,5948.25,"2002-05-13 00:00:00","CARGO TRANSPORT 5",8.99,1.49,"2002-05-22 00:00:00",5948.25,475.86,148.7063,6572.8163,"2002-05-27 00:00:00",550.00,0.00,550.00
148,0,4,238,94,907,550,82.8345,45558.975,"2002-05-13 00:00:00","CARGO TRANSPORT 5",8.99,1.49,"2002-05-22 00:00:00",91117.95,7289.436,2277.9488,100685.3348,"2002-05-27 00:00:00",550.00,0.00,550.00
148,0,4,238,94,948,550,82.8345,45558.975,"2002-05-13 00:00:00","CARGO TRANSPORT 5",8.99,1.49,"2002-05-22 00:00:00",91117.95,7289.436,2277.9488,100685.3348,"2002-05-27 00:00:00",550.00,0.00,550.00
149,0,4,261,15,326,1250,0.21,262.5,"2002-05-13 00:00:00","XRQ - TRUCK GROUND",3.95,0.99,"2002-05-22 00:00:00",525,42,13.125,580.125,"2002-05-27 00:00:00",1250.00,0.00,1250.00
149,0,4,261,15,325,1250,0.21,262.5,"2002-05-13 00:00:00","XRQ - TRUCK GROUND",3.95,0.99,"2002-05-22 00:00:00",525,42,13.125,580.125,"2002-05-27 00:00:00",1250.00,0.00,1250.00
150,0,4,264,62,322,60,28.6965,1721.79,"2002-05-13 00:00:00","CARGO TRANSPORT 5",8.99,1.49,"2002-05-22 00:00:00",2003.6835,160.2947,50.0921,2214.0703,"2002-05-27 00:00:00",60.00,0.00,60.00
150,0,4,264,62,321,3,44.3205,132.9615,"2002-05-13 00:00:00","CARGO TRANSPORT 5",8.99,1.49,"2002-05-22 00:00:00",2003.6835,160.2947,50.0921,2214.0703,"2002-05-27 00:00:00",3.00,0.00,3.00
150,0,4,264,62,320,3,49.644,148.932,"2002-05-13 00:00:00","CARGO TRANSPORT 5",8.99,1.49,"2002-05-22 00:00:00",2003.6835,160.2947,50.0921,2214.0703,"2002-05-27 00:00:00",3.00,0.00,3.00
151,1,4,244,98,921,550,5.586,3072.3,"2002-05-13 00:00:00","OVERNIGHT J-FAST",21.95,1.29,"2002-05-22 00:00:00",26455.275,2116.422,661.3819,29233.0789,"2002-05-27 00:00:00",550.00,0.00,550.00
151,1,4,244,98,930,550,42.5145,23382.975,"2002-05-13 00:00:00","OVERNIGHT J-FAST",21.95,1.29,"2002-05-22 00:00:00",26455.275,2116.422,661.3819,29233.0789,"2002-05-27 00:00:00",550.00,0.00,550.00
152,0,4,231,72,952,60,15.7395,944.37,"2002-05-13 00:00:00","ZY - EXPRESS",9.95,1.99,"2002-05-22 00:00:00",944.37,75.5496,23.6093,1043.5289,"2002-05-27 00:00:00",60.00,9.00,51.00
153,0,4,198,22,923,550,6.1845,3401.475,"2002-06-03 00:00:00","XRQ - TRUCK GROUND",3.95,0.99,"2002-06-12 00:00:00",6993.525,559.482,174.8381,7727.8451,"2002-06-17 00:00:00",550.00,0.00,550.00
153,0,4,198,22,922,550,6.531,3592.05,"2002-06-03 00:00:00","XRQ - TRUCK GROUND",3.95,0.99,"2002-06-12 00:00:00",6993.525,559.482,174.8381,7727.8451,"2002-06-17 00:00:00",550.00,0.00,550.00
154,0,3,266,50,318,550,36.099,19854.45,"2002-06-03 00:00:00","OVERSEAS - DELUXE",29.95,2.99,"2002-06-12 00:00:00",36122.625,2889.81,903.0656,39915.5006,"2002-06-17 00:00:00",550.00,550.00,0.00
154,0,3,266,50,317,550,29.5785,16268.175,"2002-06-03 00:00:00","OVERSEAS - DELUXE",29.95,2.99,"2002-06-12 00:00:00",36122.625,2889.81,903.0656,39915.5006,"2002-06-17 00:00:00",550.00,550.00,0.00
155,0,4,164,71,929,550,36.561,20108.55,"2002-06-03 00:00:00","CARGO TRANSPORT 5",8.99,1.49,"2002-06-12 00:00:00",37843.575,3027.486,946.0894,41817.1504,"2002-06-17 00:00:00",523.00,0.00,523.00
155,0,4,164,71,928,550,32.2455,17735.025,"2002-06-03 00:00:00","CARGO TRANSPORT 5",8.99,1.49,"2002-06-12 00:00:00",37843.575,3027.486,946.0894,41817.1504,"2002-06-17 00:00:00",550.00,0.00,550.00
156,1,4,223,40,319,550,46.4205,25531.275,"2002-06-03 00:00:00","OVERNIGHT J-FAST",21.95,1.29,"2002-06-12 00:00:00",25531.275,2042.502,638.2819,28212.0589,"2002-06-17 00:00:00",468.00,0.00,468.00
157,0,4,233,91,369,3,39.123,117.369,"2002-07-01 00:00:00","CARGO TRANSPORT 5",8.99,1.49,"2002-07-10 00:00:00",773.955,61.9164,19.3489,855.2203,"2002-07-15 00:00:00",3.00,0.00,3.00
157,0,4,233,91,368,3,41.223,123.669,"2002-07-01 00:00:00","CARGO TRANSPORT 5",8.99,1.49,"2002-07-10 00:00:00",773.955,61.9164,19.3489,855.2203,"2002-07-15 00:00:00",3.00,0.00,3.00
157,0,4,233,91,367,3,45.4965,136.4895,"2002-07-01 00:00:00","CARGO TRANSPORT 5",8.99,1.49,"2002-07-10 00:00:00",773.955,61.9164,19.3489,855.2203,"2002-07-15 00:00:00",3.00,0.00,3.00
157,0,4,233,91,366,3,41.223,123.669,"2002-07-01 00:00:00","CARGO TRANSPORT 5",8.99,1.49,"2002-07-10 00:00:00",773.955,61.9164,19.3489,855.2203,"2002-07-15 00:00:00",3.00,0.00,3.00
157,0,4,233,91,365,3,43.323,129.969,"2002-07-01 00:00:00","CARGO TRANSPORT 5",8.99,1.49,"2002-07-10 00:00:00",773.955,61.9164,19.3489,855.2203,"2002-07-15 00:00:00",3.00,0.00,3.00
157,0,4,233,91,364,3,47.5965,142.7895,"2002-07-01 00:00:00","CARGO TRANSPORT 5",8.99,1.49,"2002-07-10 00:00:00",773.955,61.9164,19.3489,855.2203,"2002-07-15 00:00:00",3.00,0.00,3.00
158,0,4,238,57,2,3,41.916,125.748,"2002-07-01 00:00:00","OVERNIGHT J-FAST",21.95,1.29,"2002-07-10 00:00:00",125.748,10.0598,3.1437,138.9515,"2002-07-15 00:00:00",3.00,0.00,3.00
159,0,4,261,83,1,3,50.2635,150.7905,"2002-07-01 00:00:00","CARGO TRANSPORT 5",8.99,1.49,"2002-07-10 00:00:00",150.7905,12.0632,3.7698,166.6235,"2002-07-15 00:00:00",3.00,0.00,3.00
160,0,4,264,32,367,3,45.654,136.962,"2002-07-01 00:00:00","OVERNIGHT J-FAST",21.95,1.29,"2002-07-10 00:00:00",391.545,31.3236,9.7886,432.6572,"2002-07-15 00:00:00",3.00,0.00,3.00
160,0,4,264,32,366,3,41.3805,124.1415,"2002-07-01 00:00:00","OVERNIGHT J-FAST",21.95,1.29,"2002-07-10 00:00:00",391.545,31.3236,9.7886,432.6572,"2002-07-15 00:00:00",3.00,0.00,3.00
160,0,4,264,32,365,3,43.4805,130.4415,"2002-07-01 00:00:00","OVERNIGHT J-FAST",21.95,1.29,"2002-07-10 00:00:00",391.545,31.3236,9.7886,432.6572,"2002-07-15 00:00:00",3.00,0.00,3.00
161,0,4,244,38,530,550,16.086,8847.3,"2002-07-01 00:00:00","ZY - EXPRESS",9.95,1.99,"2002-07-10 00:00:00",8847.3,707.784,221.1825,9776.2665,"2002-07-15 00:00:00",550.00,0.00,550.00
162,0,4,231,85,4,3,57.0255,171.0765,"2002-07-01 00:00:00","CARGO TRANSPORT 5",8.99,1.49,"2002-07-10 00:00:00",171.0765,13.6861,4.2769,189.0395,"2002-07-15 00:00:00",3.00,0.00,3.00
163,0,4,241,92,512,550,37.086,20397.3,"2002-07-01 00:00:00","OVERNIGHT J-FAST",21.95,1.29,"2002-07-10 00:00:00",20397.3,1631.784,509.9325,22539.0165,"2002-07-15 00:00:00",550.00,0.00,550.00
164,0,3,266,11,513,550,26.5965,14628.075,"2002-07-01 00:00:00","OVERSEAS - DELUXE",29.95,2.99,"2002-07-10 00:00:00",14628.075,1170.246,365.7019,16164.0229,"2002-07-15 00:00:00",550.00,550.00,0.00
165,0,4,164,84,319,550,46.0635,25334.925,"2002-07-01 00:00:00","OVERSEAS - DELUXE",29.95,2.99,"2002-07-10 00:00:00",58685.55,4694.844,1467.1388,64847.5328,"2002-07-15 00:00:00",550.00,0.00,550.00
165,0,4,164,84,318,550,33.579,18468.45,"2002-07-01 00:00:00","OVERSEAS - DELUXE",29.95,2.99,"2002-07-10 00:00:00",58685.55,4694.844,1467.1388,64847.5328,"2002-07-15 00:00:00",523.00,0.00,523.00
165,0,4,164,84,317,550,27.0585,14882.175,"2002-07-01 00:00:00","OVERSEAS - DELUXE",29.95,2.99,"2002-07-10 00:00:00",58685.55,4694.844,1467.1388,64847.5328,"2002-07-15 00:00:00",550.00,0.00,550.00
166,0,4,223,78,417,3,41.244,123.732,"2002-07-01 00:00:00","OVERNIGHT J-FAST",21.95,1.29,"2002-07-10 00:00:00",481.887,38.551,12.0472,532.4852,"2002-07-15 00:00:00",3.00,0.00,3.00
166,0,4,223,78,416,3,36.9705,110.9115,"2002-07-01 00:00:00","OVERNIGHT J-FAST",21.95,1.29,"2002-07-10 00:00:00",481.887,38.551,12.0472,532.4852,"2002-07-15 00:00:00",3.00,0.00,3.00
166,0,4,223,78,415,3,39.0705,117.2115,"2002-07-01 00:00:00","OVERNIGHT J-FAST",21.95,1.29,"2002-07-10 00:00:00",481.887,38.551,12.0472,532.4852,"2002-07-15 00:00:00",3.00,0.00,3.00
166,0,4,223,78,414,3,43.344,130.032,"2002-07-01 00:00:00","OVERNIGHT J-FAST",21.95,1.29,"2002-07-10 00:00:00",481.887,38.551,12.0472,532.4852,"2002-07-15 00:00:00",3.00,0.00,3.00
167,0,4,233,74,437,3,37.023,111.069,"2002-07-01 00:00:00","OVERNIGHT J-FAST",21.95,1.29,"2002-07-10 00:00:00",710.955,56.8764,17.7739,785.6053,"2002-07-15 00:00:00",3.00,0.00,3.00
167,0,4,233,74,436,3,41.2965,123.8895,"2002-07-01 00:00:00","OVERNIGHT J-FAST",21.95,1.29,"2002-07-10 00:00:00",710.955,56.8764,17.7739,785.6053,"2002-07-15 00:00:00",3.00,0.00,3.00
167,0,4,233,74,435,3,37.023,111.069,"2002-07-01 00:00:00","OVERNIGHT J-FAST",21.95,1.29,"2002-07-10 00:00:00",710.955,56.8764,17.7739,785.6053,"2002-07-15 00:00:00",3.00,0.00,3.00
167,0,4,233,74,434,3,39.123,117.369,"2002-07-01 00:00:00","OVERNIGHT J-FAST",21.95,1.29,"2002-07-10 00:00:00",710.955,56.8764,17.7739,785.6053,"2002-07-15 00:00:00",3.00,0.00,3.00
167,0,4,233,74,433,3,43.3965,130.1895,"2002-07-01 00:00:00","OVERNIGHT J-FAST",21.95,1.29,"2002-07-10 00:00:00",710.955,56.8764,17.7739,785.6053,"2002-07-15 00:00:00",3.00,0.00,3.00
167,0,4,233,74,432,3,39.123,117.369,"2002-07-01 00:00:00","OVERNIGHT J-FAST",21.95,1.29,"2002-07-10 00:00:00",710.955,56.8764,17.7739,785.6053,"2002-07-15 00:00:00",3.00,0.00,3.00
168,0,4,238,13,322,60,25.4205,1525.23,"2002-07-01 00:00:00","CARGO TRANSPORT 5",8.99,1.49,"2002-07-10 00:00:00",1796.0355,143.6828,44.9009,1984.6192,"2002-07-15 00:00:00",60.00,0.00,60.00
168,0,4,238,13,321,3,42.798,128.394,"2002-07-01 00:00:00","CARGO TRANSPORT 5",8.99,1.49,"2002-07-10 00:00:00",1796.0355,143.6828,44.9009,1984.6192,"2002-07-15 00:00:00",3.00,0.00,3.00
168,0,4,238,13,320,3,47.4705,142.4115,"2002-07-01 00:00:00","CARGO TRANSPORT 5",8.99,1.49,"2002-07-10 00:00:00",1796.0355,143.6828,44.9009,1984.6192,"2002-07-15 00:00:00",3.00,0.00,3.00
169,0,4,261,51,449,3,49.854,149.562,"2002-07-01 00:00:00","OVERNIGHT J-FAST",21.95,1.29,"2002-07-10 00:00:00",664.3035,53.1443,16.6076,734.0554,"2002-07-15 00:00:00",3.00,0.00,3.00
169,0,4,261,51,448,3,45.5805,136.7415,"2002-07-01 00:00:00","OVERNIGHT J-FAST",21.95,1.29,"2002-07-10 00:00:00",664.3035,53.1443,16.6076,734.0554,"2002-07-15 00:00:00",3.00,0.00,3.00
169,0,4,261,51,447,3,47.6805,143.0415,"2002-07-01 00:00:00","OVERNIGHT J-FAST",21.95,1.29,"2002-07-10 00:00:00",664.3035,53.1443,16.6076,734.0554,"2002-07-15 00:00:00",3.00,0.00,3.00
169,0,4,261,51,446,3,37.023,111.069,"2002-07-01 00:00:00","OVERNIGHT J-FAST",21.95,1.29,"2002-07-10 00:00:00",664.3035,53.1443,16.6076,734.0554,"2002-07-15 00:00:00",3.00,0.00,3.00
169,0,4,261,51,445,3,41.2965,123.8895,"2002-07-01 00:00:00","OVERNIGHT J-FAST",21.95,1.29,"2002-07-10 00:00:00",664.3035,53.1443,16.6076,734.0554,"2002-07-15 00:00:00",3.00,0.00,3.00
170,0,4,264,80,941,550,62.9895,34644.225,"2002-07-01 00:00:00","CARGO TRANSPORT 5",8.99,1.49,"2002-07-10 00:00:00",34644.225,2771.538,866.1056,38281.8686,"2002-07-15 00:00:00",550.00,0.00,550.00
171,0,4,244,47,322,60,26.3655,1581.93,"2002-07-01 00:00:00","OVERSEAS - DELUXE",29.95,2.99,"2002-07-10 00:00:00",1581.93,126.5544,39.5483,1748.0327,"2002-07-15 00:00:00",60.00,0.00,60.00
172,0,4,231,81,504,3,48.762,146.286,"2002-07-01 00:00:00","CARGO TRANSPORT 5",8.99,1.49,"2002-07-10 00:00:00",146.286,11.7029,3.6572,161.6461,"2002-07-15 00:00:00",3.00,0.00,3.00
173,0,4,241,46,497,3,34.188,102.564,"2002-07-13 00:00:00","CARGO TRANSPORT 5",8.99,1.49,"2002-07-22 00:00:00",102.564,8.2051,2.5641,113.3332,"2002-07-27 00:00:00",3.00,0.00,3.00
174,0,3,266,21,323,3,50.2635,150.7905,"2002-07-13 00:00:00","CARGO TRANSPORT 5",8.99,1.49,"2002-07-22 00:00:00",150.7905,12.0632,3.7698,166.6235,"2002-07-27 00:00:00",3.00,3.00,0.00
175,0,4,164,27,524,550,14.1225,7767.375,"2002-07-13 00:00:00","CARGO TRANSPORT 5",8.99,1.49,"2002-07-22 00:00:00",13669.425,1093.554,341.7356,15104.7146,"2002-07-27 00:00:00",523.00,0.00,523.00
175,0,4,164,27,523,550,10.731,5902.05,"2002-07-13 00:00:00","CARGO TRANSPORT 5",8.99,1.49,"2002-07-22 00:00:00",13669.425,1093.554,341.7356,15104.7146,"2002-07-27 00:00:00",550.00,0.00,550.00
176,0,4,223,86,495,60,63.693,3821.58,"2002-07-13 00:00:00","CARGO TRANSPORT 5",8.99,1.49,"2002-07-22 00:00:00",13458.69,1076.6952,336.4673,14871.8525,"2002-07-27 00:00:00",60.00,0.00,60.00
176,0,4,223,86,494,60,53.2035,3192.21,"2002-07-13 00:00:00","CARGO TRANSPORT 5",8.99,1.49,"2002-07-22 00:00:00",13458.69,1076.6952,336.4673,14871.8525,"2002-07-27 00:00:00",60.00,0.00,60.00
176,0,4,223,86,493,60,57.1515,3429.09,"2002-07-13 00:00:00","CARGO TRANSPORT 5",8.99,1.49,"2002-07-22 00:00:00",13458.69,1076.6952,336.4673,14871.8525,"2002-07-27 00:00:00",60.00,0.00,60.00
176,0,4,223,86,492,60,50.2635,3015.81,"2002-07-13 00:00:00","CARGO TRANSPORT 5",8.99,1.49,"2002-07-22 00:00:00",13458.69,1076.6952,336.4673,14871.8525,"2002-07-27 00:00:00",51.00,0.00,51.00
177,0,4,198,45,913,550,40.9395,22516.725,"2002-07-24 00:00:00","ZY - EXPRESS",9.95,1.99,"2002-08-02 00:00:00",101720.85,8137.668,2543.0213,112401.5393,"2002-08-07 00:00:00",550.00,0.00,550.00
177,0,4,198,45,912,550,30.4395,16741.725,"2002-07-24 00:00:00","ZY - EXPRESS",9.95,1.99,"2002-08-02 00:00:00",101720.85,8137.668,2543.0213,112401.5393,"2002-08-07 00:00:00",550.00,0.00,550.00
177,0,4,198,45,911,550,21.0945,11601.975,"2002-07-24 00:00:00","ZY - EXPRESS",9.95,1.99,"2002-08-02 00:00:00",101720.85,8137.668,2543.0213,112401.5393,"2002-08-07 00:00:00",550.00,0.00,550.00
177,0,4,198,45,910,550,40.9395,22516.725,"2002-07-24 00:00:00","ZY - EXPRESS",9.95,1.99,"2002-08-02 00:00:00",101720.85,8137.668,2543.0213,112401.5393,"2002-08-07 00:00:00",550.00,0.00,550.00
177,0,4,198,45,909,550,30.4395,16741.725,"2002-07-24 00:00:00","ZY - EXPRESS",9.95,1.99,"2002-08-02 00:00:00",101720.85,8137.668,2543.0213,112401.5393,"2002-08-07 00:00:00",550.00,0.00,550.00
177,0,4,198,45,908,550,21.0945,11601.975,"2002-07-24 00:00:00","ZY - EXPRESS",9.95,1.99,"2002-08-02 00:00:00",101720.85,8137.668,2543.0213,112401.5393,"2002-08-07 00:00:00",550.00,0.00,550.00
178,0,4,238,93,506,60,9.198,551.88,"2002-07-24 00:00:00","XRQ - TRUCK GROUND",3.95,0.99,"2002-08-02 00:00:00",551.88,44.1504,13.797,609.8274,"2002-08-07 00:00:00",60.00,0.00,60.00
179,0,4,261,64,679,550,5.775,3176.25,"2002-07-24 00:00:00","XRQ - TRUCK GROUND",3.95,0.99,"2002-08-02 00:00:00",6987.75,559.02,174.6938,7721.4638,"2002-08-07 00:00:00",550.00,0.00,550.00
179,0,4,261,64,352,550,1.155,635.25,"2002-07-24 00:00:00","XRQ - TRUCK GROUND",3.95,0.99,"2002-08-02 00:00:00",6987.75,559.02,174.6938,7721.4638,"2002-08-07 00:00:00",550.00,0.00,550.00
179,0,4,261,64,351,550,5.775,3176.25,"2002-07-24 00:00:00","XRQ - TRUCK GROUND",3.95,0.99,"2002-08-02 00:00:00",6987.75,559.02,174.6938,7721.4638,"2002-08-07 00:00:00",550.00,0.00,550.00
180,0,4,264,4,508,550,27.6465,15205.575,"2002-07-24 00:00:00","ZY - EXPRESS",9.95,1.99,"2002-08-02 00:00:00",28072.275,2245.782,701.8069,31019.8639,"2002-08-07 00:00:00",550.00,55.00,495.00
180,0,4,264,4,507,550,23.394,12866.7,"2002-07-24 00:00:00","ZY - EXPRESS",9.95,1.99,"2002-08-02 00:00:00",28072.275,2245.782,701.8069,31019.8639,"2002-08-07 00:00:00",550.00,0.00,550.00
181,0,4,244,17,535,550,3.486,1917.3,"2002-07-24 00:00:00","XRQ - TRUCK GROUND",3.95,0.99,"2002-08-02 00:00:00",1917.3,153.384,47.9325,2118.6165,"2002-08-07 00:00:00",550.00,0.00,550.00
182,0,4,231,12,352,550,1.47,808.5,"2002-07-24 00:00:00","XRQ - TRUCK GROUND",3.95,0.99,"2002-08-02 00:00:00",4215.75,337.26,105.3938,4658.4038,"2002-08-07 00:00:00",550.00,0.00,550.00
182,0,4,231,12,351,550,6.195,3407.25,"2002-07-24 00:00:00","XRQ - TRUCK GROUND",3.95,0.99,"2002-08-02 00:00:00",4215.75,337.26,105.3938,4658.4038,"2002-08-07 00:00:00",550.00,82.00,468.00
183,0,4,241,44,508,550,29.2845,16106.475,"2002-07-24 00:00:00","ZY - EXPRESS",9.95,1.99,"2002-08-02 00:00:00",28297.5,2263.8,707.4375,31268.7375,"2002-08-07 00:00:00",550.00,0.00,550.00
183,0,4,241,44,507,550,22.1655,12191.025,"2002-07-24 00:00:00","ZY - EXPRESS",9.95,1.99,"2002-08-02 00:00:00",28297.5,2263.8,707.4375,31268.7375,"2002-08-07 00:00:00",550.00,0.00,550.00
184,0,3,266,30,491,3,19.9815,59.9445,"2002-07-24 00:00:00","ZY - EXPRESS",9.95,1.99,"2002-08-02 00:00:00",59.9445,4.7956,1.4986,66.2387,"2002-08-07 00:00:00",3.00,3.00,0.00
185,0,4,164,8,349,3,39.144,117.432,"2002-07-24 00:00:00","OVERNIGHT J-FAST",21.95,1.29,"2002-08-02 00:00:00",1055.565,84.4452,26.3891,1166.3993,"2002-08-07 00:00:00",3.00,0.00,3.00
185,0,4,164,8,348,3,34.8705,104.6115,"2002-07-24 00:00:00","OVERNIGHT J-FAST",21.95,1.29,"2002-08-02 00:00:00",1055.565,84.4452,26.3891,1166.3993,"2002-08-07 00:00:00",3.00,0.00,3.00
185,0,4,164,8,347,3,36.9705,110.9115,"2002-07-24 00:00:00","OVERNIGHT J-FAST",21.95,1.29,"2002-08-02 00:00:00",1055.565,84.4452,26.3891,1166.3993,"2002-08-07 00:00:00",3.00,0.00,3.00
185,0,4,164,8,346,3,41.244,123.732,"2002-07-24 00:00:00","OVERNIGHT J-FAST",21.95,1.29,"2002-08-02 00:00:00",1055.565,84.4452,26.3891,1166.3993,"2002-08-07 00:00:00",3.00,0.00,3.00
185,0,4,164,8,345,3,36.9705,110.9115,"2002-07-24 00:00:00","OVERNIGHT J-FAST",21.95,1.29,"2002-08-02 00:00:00",1055.565,84.4452,26.3891,1166.3993,"2002-08-07 00:00:00",3.00,0.00,3.00
185,0,4,164,8,344,3,39.0705,117.2115,"2002-07-24 00:00:00","OVERNIGHT J-FAST",21.95,1.29,"2002-08-02 00:00:00",1055.565,84.4452,26.3891,1166.3993,"2002-08-07 00:00:00",3.00,0.00,3.00
185,0,4,164,8,343,3,43.344,130.032,"2002-07-24 00:00:00","OVERNIGHT J-FAST",21.95,1.29,"2002-08-02 00:00:00",1055.565,84.4452,26.3891,1166.3993,"2002-08-07 00:00:00",3.00,0.00,3.00
185,0,4,164,8,342,3,39.0705,117.2115,"2002-07-24 00:00:00","OVERNIGHT J-FAST",21.95,1.29,"2002-08-02 00:00:00",1055.565,84.4452,26.3891,1166.3993,"2002-08-07 00:00:00",3.00,0.00,3.00
185,0,4,164,8,341,3,41.1705,123.5115,"2002-07-24 00:00:00","OVERNIGHT J-FAST",21.95,1.29,"2002-08-02 00:00:00",1055.565,84.4452,26.3891,1166.3993,"2002-08-07 00:00:00",3.00,0.00,3.00
186,0,4,223,73,936,550,48.2895,26559.225,"2002-07-24 00:00:00","CARGO TRANSPORT 5",8.99,1.49,"2002-08-02 00:00:00",43878.45,3510.276,1096.9613,48485.6873,"2002-08-07 00:00:00",550.00,0.00,550.00
186,0,4,223,73,935,550,31.4895,17319.225,"2002-07-24 00:00:00","CARGO TRANSPORT 5",8.99,1.49,"2002-08-02 00:00:00",43878.45,3510.276,1096.9613,48485.6873,"2002-08-07 00:00:00",468.00,0.00,468.00
187,0,4,233,76,390,3,39.0705,117.2115,"2002-07-24 00:00:00","OVERNIGHT J-FAST",21.95,1.29,"2002-08-02 00:00:00",747.81,59.8248,18.6953,826.3301,"2002-08-07 00:00:00",3.00,0.00,3.00
187,0,4,233,76,389,3,43.344,130.032,"2002-07-24 00:00:00","OVERNIGHT J-FAST",21.95,1.29,"2002-08-02 00:00:00",747.81,59.8248,18.6953,826.3301,"2002-08-07 00:00:00",3.00,0.00,3.00
187,0,4,233,76,388,3,39.0705,117.2115,"2002-07-24 00:00:00","OVERNIGHT J-FAST",21.95,1.29,"2002-08-02 00:00:00",747.81,59.8248,18.6953,826.3301,"2002-08-07 00:00:00",3.00,0.00,3.00
187,0,4,233,76,387,3,41.1705,123.5115,"2002-07-24 00:00:00","OVERNIGHT J-FAST",21.95,1.29,"2002-08-02 00:00:00",747.81,59.8248,18.6953,826.3301,"2002-08-07 00:00:00",3.00,0.00,3.00
187,0,4,233,76,386,3,45.444,136.332,"2002-07-24 00:00:00","OVERNIGHT J-FAST",21.95,1.29,"2002-08-02 00:00:00",747.81,59.8248,18.6953,826.3301,"2002-08-07 00:00:00",3.00,0.00,3.00
187,0,4,233,76,385,3,41.1705,123.5115,"2002-07-24 00:00:00","OVERNIGHT J-FAST",21.95,1.29,"2002-08-02 00:00:00",747.81,59.8248,18.6953,826.3301,"2002-08-07 00:00:00",3.00,0.00,3.00
188,0,4,198,77,488,550,8.862,4874.1,"2002-07-24 00:00:00","XRQ - TRUCK GROUND",3.95,0.99,"2002-08-02 00:00:00",20957.475,1676.598,523.9369,23158.0099,"2002-08-07 00:00:00",550.00,0.00,550.00
188,0,4,198,77,487,550,5.8065,3193.575,"2002-07-24 00:00:00","XRQ - TRUCK GROUND",3.95,0.99,"2002-08-02 00:00:00",20957.475,1676.598,523.9369,23158.0099,"2002-08-07 00:00:00",550.00,0.00,550.00
188,0,4,198,77,486,550,8.757,4816.35,"2002-07-24 00:00:00","XRQ - TRUCK GROUND",3.95,0.99,"2002-08-02 00:00:00",20957.475,1676.598,523.9369,23158.0099,"2002-08-07 00:00:00",550.00,0.00,550.00
188,0,4,198,77,485,550,7.8015,4290.825,"2002-07-24 00:00:00","XRQ - TRUCK GROUND",3.95,0.99,"2002-08-02 00:00:00",20957.475,1676.598,523.9369,23158.0099,"2002-08-07 00:00:00",550.00,0.00,550.00
188,0,4,198,77,484,550,6.8775,3782.625,"2002-07-24 00:00:00","XRQ - TRUCK GROUND",3.95,0.99,"2002-08-02 00:00:00",20957.475,1676.598,523.9369,23158.0099,"2002-08-07 00:00:00",550.00,0.00,550.00
189,0,4,261,28,402,3,47.4705,142.4115,"2002-07-24 00:00:00","CARGO TRANSPORT 5",8.99,1.49,"2002-08-02 00:00:00",142.4115,11.3929,3.5603,157.3647,"2002-08-07 00:00:00",3.00,0.00,3.00
190,0,4,264,2,512,550,34.9755,19236.525,"2002-07-24 00:00:00","ZY - EXPRESS",9.95,1.99,"2002-08-02 00:00:00",48030.675,3842.454,1200.7669,53073.8959,"2002-08-07 00:00:00",550.00,0.00,550.00
190,0,4,264,2,511,550,29.274,16100.7,"2002-07-24 00:00:00","ZY - EXPRESS",9.95,1.99,"2002-08-02 00:00:00",48030.675,3842.454,1200.7669,53073.8959,"2002-08-07 00:00:00",550.00,55.00,495.00
190,0,4,264,2,510,550,23.079,12693.45,"2002-07-24 00:00:00","ZY - EXPRESS",9.95,1.99,"2002-08-02 00:00:00",48030.675,3842.454,1200.7669,53073.8959,"2002-08-07 00:00:00",550.00,0.00,550.00
191,0,4,244,87,915,550,30.4395,16741.725,"2002-07-24 00:00:00","OVERNIGHT J-FAST",21.95,1.29,"2002-08-02 00:00:00",28597.023,2287.7618,714.9256,31599.7104,"2002-08-07 00:00:00",550.00,0.00,550.00
191,0,4,244,87,914,550,21.0945,11601.975,"2002-07-24 00:00:00","OVERNIGHT J-FAST",21.95,1.29,"2002-08-02 00:00:00",28597.023,2287.7618,714.9256,31599.7104,"2002-08-07 00:00:00",550.00,27.00,523.00
191,0,4,244,87,409,3,41.1705,123.5115,"2002-07-24 00:00:00","OVERNIGHT J-FAST",21.95,1.29,"2002-08-02 00:00:00",28597.023,2287.7618,714.9256,31599.7104,"2002-08-07 00:00:00",3.00,0.00,3.00
191,0,4,244,87,408,3,43.2705,129.8115,"2002-07-24 00:00:00","OVERNIGHT J-FAST",21.95,1.29,"2002-08-02 00:00:00",28597.023,2287.7618,714.9256,31599.7104,"2002-08-07 00:00:00",3.00,0.00,3.00
192,0,4,274,31,525,550,2.3205,1276.275,"2002-07-24 00:00:00","XRQ - TRUCK GROUND",3.95,0.99,"2002-08-02 00:00:00",1276.275,102.102,31.9069,1410.2839,"2002-08-07 00:00:00",550.00,82.00,468.00
193,0,4,241,26,526,550,3.6435,2003.925,"2002-07-27 00:00:00","XRQ - TRUCK GROUND",3.95,0.99,"2002-08-05 00:00:00",2003.925,160.314,50.0981,2214.3371,"2002-08-10 00:00:00",550.00,0.00,550.00
194,0,3,266,24,909,550,30.4395,16741.725,"2002-07-27 00:00:00","ZY - EXPRESS",9.95,1.99,"2002-08-05 00:00:00",28343.7,2267.496,708.5925,31319.7885,"2002-08-10 00:00:00",550.00,550.00,0.00
194,0,3,266,24,908,550,21.0945,11601.975,"2002-07-27 00:00:00","ZY - EXPRESS",9.95,1.99,"2002-08-05 00:00:00",28343.7,2267.496,708.5925,31319.7885,"2002-08-10 00:00:00",550.00,550.00,0.00
195,0,4,164,48,357,60,3.9795,238.77,"2002-07-27 00:00:00","XRQ - TRUCK GROUND",3.95,0.99,"2002-08-05 00:00:00",454.86,36.3888,11.3715,502.6203,"2002-08-10 00:00:00",57.00,0.00,57.00
195,0,4,164,48,356,60,3.6015,216.09,"2002-07-27 00:00:00","XRQ - TRUCK GROUND",3.95,0.99,"2002-08-05 00:00:00",454.86,36.3888,11.3715,502.6203,"2002-08-10 00:00:00",60.00,0.00,60.00
196,0,4,223,88,936,550,48.2895,26559.225,"2002-07-27 00:00:00","CARGO TRANSPORT 5",8.99,1.49,"2002-08-05 00:00:00",43878.45,3510.276,1096.9613,48485.6873,"2002-08-10 00:00:00",550.00,0.00,550.00
196,0,4,223,88,935,550,31.4895,17319.225,"2002-07-27 00:00:00","CARGO TRANSPORT 5",8.99,1.49,"2002-08-05 00:00:00",43878.45,3510.276,1096.9613,48485.6873,"2002-08-10 00:00:00",468.00,0.00,468.00
197,0,4,233,96,524,550,12.9675,7132.125,"2002-07-27 00:00:00","ZY - EXPRESS",9.95,1.99,"2002-08-05 00:00:00",7132.125,570.57,178.3031,7880.9981,"2002-08-10 00:00:00",550.00,0.00,550.00
198,0,4,238,39,912,550,30.4395,16741.725,"2002-07-27 00:00:00","ZY - EXPRESS",9.95,1.99,"2002-08-05 00:00:00",28343.7,2267.496,708.5925,31319.7885,"2002-08-10 00:00:00",550.00,0.00,550.00
198,0,4,238,39,911,550,21.0945,11601.975,"2002-07-27 00:00:00","ZY - EXPRESS",9.95,1.99,"2002-08-05 00:00:00",28343.7,2267.496,708.5925,31319.7885,"2002-08-10 00:00:00",550.00,0.00,550.00
199,0,4,261,52,910,550,40.9395,22516.725,"2002-07-27 00:00:00","OVERNIGHT J-FAST",21.95,1.29,"2002-08-05 00:00:00",22516.725,1801.338,562.9181,24880.9811,"2002-08-10 00:00:00",550.00,0.00,550.00
200,0,4,264,43,937,550,62.9895,34644.225,"2002-07-27 00:00:00","CARGO TRANSPORT 5",8.99,1.49,"2002-08-05 00:00:00",34644.225,2771.538,866.1056,38281.8686,"2002-08-10 00:00:00",550.00,0.00,550.00
201,0,4,244,37,471,3,45.4965,136.4895,"2002-08-28 00:00:00","CARGO TRANSPORT 5",8.99,1.49,"2002-09-06 00:00:00",532.917,42.6334,13.3229,588.8733,"2002-09-11 00:00:00",3.00,0.00,3.00
201,0,4,244,37,470,3,41.223,123.669,"2002-08-28 00:00:00","CARGO TRANSPORT 5",8.99,1.49,"2002-09-06 00:00:00",532.917,42.6334,13.3229,588.8733,"2002-09-11 00:00:00",3.00,0.00,3.00
201,0,4,244,37,469,3,43.323,129.969,"2002-08-28 00:00:00","CARGO TRANSPORT 5",8.99,1.49,"2002-09-06 00:00:00",532.917,42.6334,13.3229,588.8733,"2002-09-11 00:00:00",3.00,0.00,3.00
201,0,4,244,37,468,3,47.5965,142.7895,"2002-08-28 00:00:00","CARGO TRANSPORT 5",8.99,1.49,"2002-09-06 00:00:00",532.917,42.6334,13.3229,588.8733,"2002-09-11 00:00:00",3.00,0.00,3.00
202,0,4,231,1,462,3,47.6805,143.0415,"2002-08-28 00:00:00","CARGO TRANSPORT 5",8.99,1.49,"2002-09-06 00:00:00",143.0415,11.4433,3.576,158.0608,"2002-09-11 00:00:00",3.00,0.00,3.00
203,0,4,241,56,511,550,27.867,15326.85,"2002-08-28 00:00:00","ZY - EXPRESS",9.95,1.99,"2002-09-06 00:00:00",28199.325,2255.946,704.9831,31160.2541,"2002-09-11 00:00:00",550.00,0.00,550.00
203,0,4,241,56,510,550,23.4045,12872.475,"2002-08-28 00:00:00","ZY - EXPRESS",9.95,1.99,"2002-09-06 00:00:00",28199.325,2255.946,704.9831,31160.2541,"2002-09-11 00:00:00",550.00,0.00,550.00
204,0,3,266,60,527,550,6.7515,3713.325,"2002-08-28 00:00:00","XRQ - TRUCK GROUND",3.95,0.99,"2002-09-06 00:00:00",3713.325,297.066,92.8331,4103.2241,"2002-09-11 00:00:00",550.00,550.00,0.00
205,0,4,164,53,509,550,36.2775,19952.625,"2002-08-28 00:00:00","CARGO TRANSPORT 5",8.99,1.49,"2002-09-06 00:00:00",63831.075,5106.486,1595.7769,70533.3379,"2002-09-11 00:00:00",550.00,0.00,550.00
205,0,4,164,53,939,550,48.2895,26559.225,"2002-08-28 00:00:00","CARGO TRANSPORT 5",8.99,1.49,"2002-09-06 00:00:00",63831.075,5106.486,1595.7769,70533.3379,"2002-09-11 00:00:00",523.00,0.00,523.00
205,0,4,164,53,938,550,31.4895,17319.225,"2002-08-28 00:00:00","CARGO TRANSPORT 5",8.99,1.49,"2002-09-06 00:00:00",63831.075,5106.486,1595.7769,70533.3379,"2002-09-11 00:00:00",550.00,0.00,550.00
206,0,4,223,10,495,60,62.9265,3775.59,"2002-08-28 00:00:00","CARGO TRANSPORT 5",8.99,1.49,"2002-09-06 00:00:00",13361.04,1068.8832,334.026,14763.9492,"2002-09-11 00:00:00",60.00,0.00,60.00
206,0,4,223,10,494,60,50.7465,3044.79,"2002-08-28 00:00:00","CARGO TRANSPORT 5",8.99,1.49,"2002-09-06 00:00:00",13361.04,1068.8832,334.026,14763.9492,"2002-09-11 00:00:00",60.00,0.00,60.00
206,0,4,223,10,493,60,58.2645,3495.87,"2002-08-28 00:00:00","CARGO TRANSPORT 5",8.99,1.49,"2002-09-06 00:00:00",13361.04,1068.8832,334.026,14763.9492,"2002-09-11 00:00:00",60.00,0.00,60.00
206,0,4,223,10,492,60,50.7465,3044.79,"2002-08-28 00:00:00","CARGO TRANSPORT 5",8.99,1.49,"2002-09-06 00:00:00",13361.04,1068.8832,334.026,14763.9492,"2002-09-11 00:00:00",51.00,0.00,51.00
207,0,4,233,66,523,550,10.3845,5711.475,"2002-08-28 00:00:00","CARGO TRANSPORT 5",8.99,1.49,"2002-09-06 00:00:00",5711.475,456.918,142.7869,6311.1799,"2002-09-11 00:00:00",550.00,0.00,550.00
208,0,4,238,68,434,3,39.2805,117.8415,"2002-08-28 00:00:00","OVERNIGHT J-FAST",21.95,1.29,"2002-09-06 00:00:00",627.4485,50.1959,15.6862,693.3306,"2002-09-11 00:00:00",3.00,0.00,3.00
208,0,4,238,68,433,3,43.554,130.662,"2002-08-28 00:00:00","OVERNIGHT J-FAST",21.95,1.29,"2002-09-06 00:00:00",627.4485,50.1959,15.6862,693.3306,"2002-09-11 00:00:00",3.00,0.00,3.00
208,0,4,238,68,432,3,39.2805,117.8415,"2002-08-28 00:00:00","OVERNIGHT J-FAST",21.95,1.29,"2002-09-06 00:00:00",627.4485,50.1959,15.6862,693.3306,"2002-09-11 00:00:00",3.00,0.00,3.00
208,0,4,238,68,431,3,41.3805,124.1415,"2002-08-28 00:00:00","OVERNIGHT J-FAST",21.95,1.29,"2002-09-06 00:00:00",627.4485,50.1959,15.6862,693.3306,"2002-09-11 00:00:00",3.00,0.00,3.00
208,0,4,238,68,430,3,45.654,136.962,"2002-08-28 00:00:00","OVERNIGHT J-FAST",21.95,1.29,"2002-09-06 00:00:00",627.4485,50.1959,15.6862,693.3306,"2002-09-11 00:00:00",3.00,0.00,3.00
209,0,4,261,61,491,3,19.9395,59.8185,"2002-09-01 00:00:00","ZY - EXPRESS",9.95,1.99,"2002-09-10 00:00:00",97.965,7.8372,2.4491,108.2513,"2002-09-15 00:00:00",3.00,0.00,3.00
209,0,4,261,61,490,3,12.7155,38.1465,"2002-09-01 00:00:00","ZY - EXPRESS",9.95,1.99,"2002-09-10 00:00:00",97.965,7.8372,2.4491,108.2513,"2002-09-15 00:00:00",3.00,0.00,3.00
210,0,4,274,5,528,3,38.157,114.471,"2002-09-01 00:00:00","OVERNIGHT J-FAST",21.95,1.29,"2002-09-10 00:00:00",114.471,9.1577,2.8618,126.4905,"2002-09-15 00:00:00",3.00,0.00,3.00
211,0,4,244,58,505,3,44.2155,132.6465,"2002-09-01 00:00:00","OVERNIGHT J-FAST",21.95,1.29,"2002-09-10 00:00:00",132.6465,10.6117,3.3162,146.5744,"2002-09-15 00:00:00",3.00,0.00,3.00
212,0,4,231,35,939,550,48.2895,26559.225,"2002-09-01 00:00:00","CARGO TRANSPORT 5",8.99,1.49,"2002-09-10 00:00:00",43878.45,3510.276,1096.9613,48485.6873,"2002-09-15 00:00:00",550.00,0.00,550.00
212,0,4,231,35,938,550,31.4895,17319.225,"2002-09-01 00:00:00","CARGO TRANSPORT 5",8.99,1.49,"2002-09-10 00:00:00",43878.45,3510.276,1096.9613,48485.6873,"2002-09-15 00:00:00",550.00,82.00,468.00
213,0,4,241,103,358,60,6.9825,418.95,"2002-09-16 00:00:00","XRQ - TRUCK GROUND",3.95,0.99,"2002-09-25 00:00:00",418.95,33.516,10.4738,462.9398,"2002-09-30 00:00:00",60.00,0.00,60.00
214,0,3,266,7,376,3,47.544,142.632,"2002-09-16 00:00:00","OVERNIGHT J-FAST",21.95,1.29,"2002-09-25 00:00:00",272.4435,21.7955,6.8111,301.0501,"2002-09-30 00:00:00",3.00,3.00,0.00
214,0,3,266,7,375,3,43.2705,129.8115,"2002-09-16 00:00:00","OVERNIGHT J-FAST",21.95,1.29,"2002-09-25 00:00:00",272.4435,21.7955,6.8111,301.0501,"2002-09-30 00:00:00",3.00,3.00,0.00
215,0,4,164,69,357,60,4.3155,258.93,"2002-09-16 00:00:00","XRQ - TRUCK GROUND",3.95,0.99,"2002-09-25 00:00:00",461.79,36.9432,11.5448,510.278,"2002-09-30 00:00:00",57.00,0.00,57.00
215,0,4,164,69,356,60,3.381,202.86,"2002-09-16 00:00:00","XRQ - TRUCK GROUND",3.95,0.99,"2002-09-25 00:00:00",461.79,36.9432,11.5448,510.278,"2002-09-30 00:00:00",60.00,0.00,60.00
216,0,4,223,23,389,3,43.2705,129.8115,"2002-09-16 00:00:00","CARGO TRANSPORT 5",8.99,1.49,"2002-09-25 00:00:00",544.7295,43.5784,13.6182,601.9261,"2002-09-30 00:00:00",3.00,0.00,3.00
216,0,4,223,23,388,3,47.544,142.632,"2002-09-16 00:00:00","CARGO TRANSPORT 5",8.99,1.49,"2002-09-25 00:00:00",544.7295,43.5784,13.6182,601.9261,"2002-09-30 00:00:00",3.00,0.00,3.00
216,0,4,223,23,387,3,43.2705,129.8115,"2002-09-16 00:00:00","CARGO TRANSPORT 5",8.99,1.49,"2002-09-25 00:00:00",544.7295,43.5784,13.6182,601.9261,"2002-09-30 00:00:00",3.00,0.00,3.00
216,0,4,223,23,386,3,47.4915,142.4745,"2002-09-16 00:00:00","CARGO TRANSPORT 5",8.99,1.49,"2002-09-25 00:00:00",544.7295,43.5784,13.6182,601.9261,"2002-09-30 00:00:00",3.00,0.00,3.00
217,0,4,233,75,490,3,12.3585,37.0755,"2002-09-16 00:00:00","ZY - EXPRESS",9.95,1.99,"2002-09-25 00:00:00",37.0755,2.966,0.9269,40.9684,"2002-09-30 00:00:00",3.00,0.00,3.00
218,0,4,238,3,513,550,39.1965,21558.075,"2002-09-16 00:00:00","OVERNIGHT J-FAST",21.95,1.29,"2002-09-25 00:00:00",21558.075,1724.646,538.9519,23821.6729,"2002-09-30 00:00:00",550.00,0.00,550.00
219,0,4,261,54,414,3,45.4755,136.4265,"2002-09-16 00:00:00","OVERNIGHT J-FAST",21.95,1.29,"2002-09-25 00:00:00",612.108,48.9686,15.3027,676.3793,"2002-09-30 00:00:00",3.00,0.00,3.00
219,0,4,261,54,413,3,47.5755,142.7265,"2002-09-16 00:00:00","OVERNIGHT J-FAST",21.95,1.29,"2002-09-25 00:00:00",612.108,48.9686,15.3027,676.3793,"2002-09-30 00:00:00",3.00,0.00,3.00
219,0,4,261,54,412,3,39.144,117.432,"2002-09-16 00:00:00","OVERNIGHT J-FAST",21.95,1.29,"2002-09-25 00:00:00",612.108,48.9686,15.3027,676.3793,"2002-09-30 00:00:00",3.00,0.00,3.00
219,0,4,261,54,411,3,34.8705,104.6115,"2002-09-16 00:00:00","OVERNIGHT J-FAST",21.95,1.29,"2002-09-25 00:00:00",612.108,48.9686,15.3027,676.3793,"2002-09-30 00:00:00",3.00,0.00,3.00
219,0,4,261,54,410,3,36.9705,110.9115,"2002-09-16 00:00:00","OVERNIGHT J-FAST",21.95,1.29,"2002-09-25 00:00:00",612.108,48.9686,15.3027,676.3793,"2002-09-30 00:00:00",3.00,0.00,3.00
220,0,4,264,104,933,550,43.9845,24191.475,"2002-09-16 00:00:00","CARGO TRANSPORT 5",8.99,1.49,"2002-09-25 00:00:00",65240.175,5219.214,1631.0044,72090.3934,"2002-09-30 00:00:00",550.00,0.00,550.00
220,0,4,264,104,932,550,39.7635,21869.925,"2002-09-16 00:00:00","CARGO TRANSPORT 5",8.99,1.49,"2002-09-25 00:00:00",65240.175,5219.214,1631.0044,72090.3934,"2002-09-30 00:00:00",550.00,55.00,495.00
220,0,4,264,104,931,550,34.8705,19178.775,"2002-09-16 00:00:00","CARGO TRANSPORT 5",8.99,1.49,"2002-09-25 00:00:00",65240.175,5219.214,1631.0044,72090.3934,"2002-09-30 00:00:00",550.00,0.00,550.00
221,0,4,274,25,430,3,45.654,136.962,"2002-09-17 00:00:00","CARGO TRANSPORT 5",8.99,1.49,"2002-09-26 00:00:00",534.807,42.7846,13.3702,590.9618,"2002-10-01 00:00:00",3.00,0.00,3.00
221,0,4,274,25,429,3,41.3805,124.1415,"2002-09-17 00:00:00","CARGO TRANSPORT 5",8.99,1.49,"2002-09-26 00:00:00",534.807,42.7846,13.3702,590.9618,"2002-10-01 00:00:00",3.00,0.00,3.00
221,0,4,274,25,428,3,43.4805,130.4415,"2002-09-17 00:00:00","CARGO TRANSPORT 5",8.99,1.49,"2002-09-26 00:00:00",534.807,42.7846,13.3702,590.9618,"2002-10-01 00:00:00",3.00,0.00,3.00
221,0,4,274,25,427,3,47.754,143.262,"2002-09-17 00:00:00","CARGO TRANSPORT 5",8.99,1.49,"2002-09-26 00:00:00",534.807,42.7846,13.3702,590.9618,"2002-10-01 00:00:00",3.00,0.00,3.00
222,0,4,231,90,347,3,43.3755,130.1265,"2002-09-17 00:00:00","CARGO TRANSPORT 5",8.99,1.49,"2002-09-26 00:00:00",273.0735,21.8459,6.8268,301.7462,"2002-10-01 00:00:00",3.00,0.00,3.00
222,0,4,231,90,346,3,47.649,142.947,"2002-09-17 00:00:00","CARGO TRANSPORT 5",8.99,1.49,"2002-09-26 00:00:00",273.0735,21.8459,6.8268,301.7462,"2002-10-01 00:00:00",3.00,0.00,3.00
223,0,4,241,33,932,550,39.2385,21581.175,"2002-09-17 00:00:00","CARGO TRANSPORT 5",8.99,1.49,"2002-09-26 00:00:00",40471.2,3237.696,1011.78,44720.676,"2002-10-01 00:00:00",550.00,0.00,550.00
223,0,4,241,33,931,550,34.3455,18890.025,"2002-09-17 00:00:00","CARGO TRANSPORT 5",8.99,1.49,"2002-09-26 00:00:00",40471.2,3237.696,1011.78,44720.676,"2002-10-01 00:00:00",550.00,0.00,550.00
224,0,3,266,41,342,3,45.3705,136.1115,"2002-09-17 00:00:00","CARGO TRANSPORT 5",8.99,1.49,"2002-09-26 00:00:00",278.523,22.2818,6.9631,307.7679,"2002-10-01 00:00:00",3.00,3.00,0.00
224,0,3,266,41,341,3,47.4705,142.4115,"2002-09-17 00:00:00","CARGO TRANSPORT 5",8.99,1.49,"2002-09-26 00:00:00",278.523,22.2818,6.9631,307.7679,"2002-10-01 00:00:00",3.00,3.00,0.00
225,0,4,164,55,930,550,43.0395,23671.725,"2002-09-25 00:00:00","CARGO TRANSPORT 5",8.99,1.49,"2002-10-04 00:00:00",62092.8,4967.424,1552.32,68612.544,"2002-10-09 00:00:00",550.00,0.00,550.00
225,0,4,164,55,929,550,37.086,20397.3,"2002-09-25 00:00:00","CARGO TRANSPORT 5",8.99,1.49,"2002-10-04 00:00:00",62092.8,4967.424,1552.32,68612.544,"2002-10-09 00:00:00",523.00,0.00,523.00
225,0,4,164,55,928,550,32.7705,18023.775,"2002-09-25 00:00:00","CARGO TRANSPORT 5",8.99,1.49,"2002-10-04 00:00:00",62092.8,4967.424,1552.32,68612.544,"2002-10-09 00:00:00",550.00,0.00,550.00
226,0,4,223,70,332,550,10.815,5948.25,"2002-09-25 00:00:00","CARGO TRANSPORT 5",8.99,1.49,"2002-10-04 00:00:00",5948.25,475.86,148.7063,6572.8163,"2002-10-09 00:00:00",468.00,0.00,468.00
227,1,4,233,94,907,550,82.8345,45558.975,"2002-09-25 00:00:00","CARGO TRANSPORT 5",8.99,1.49,"2002-10-04 00:00:00",91117.95,7289.436,2277.9488,100685.3348,"2002-10-09 00:00:00",550.00,0.00,550.00
227,1,4,233,94,948,550,82.8345,45558.975,"2002-09-25 00:00:00","CARGO TRANSPORT 5",8.99,1.49,"2002-10-04 00:00:00",91117.95,7289.436,2277.9488,100685.3348,"2002-10-09 00:00:00",550.00,0.00,550.00
228,0,4,238,15,326,1250,0.21,262.5,"2002-09-25 00:00:00","XRQ - TRUCK GROUND",3.95,0.99,"2002-10-04 00:00:00",525,42,13.125,580.125,"2002-10-09 00:00:00",1250.00,0.00,1250.00
228,0,4,238,15,325,1250,0.21,262.5,"2002-09-25 00:00:00","XRQ - TRUCK GROUND",3.95,0.99,"2002-10-04 00:00:00",525,42,13.125,580.125,"2002-10-09 00:00:00",1250.00,0.00,1250.00
229,0,4,261,62,322,60,28.6965,1721.79,"2002-09-25 00:00:00","CARGO TRANSPORT 5",8.99,1.49,"2002-10-04 00:00:00",2003.6835,160.2947,50.0921,2214.0703,"2002-10-09 00:00:00",60.00,0.00,60.00
229,0,4,261,62,321,3,44.3205,132.9615,"2002-09-25 00:00:00","CARGO TRANSPORT 5",8.99,1.49,"2002-10-04 00:00:00",2003.6835,160.2947,50.0921,2214.0703,"2002-10-09 00:00:00",3.00,0.00,3.00
229,0,4,261,62,320,3,49.644,148.932,"2002-09-25 00:00:00","CARGO TRANSPORT 5",8.99,1.49,"2002-10-04 00:00:00",2003.6835,160.2947,50.0921,2214.0703,"2002-10-09 00:00:00",3.00,0.00,3.00
230,0,4,264,98,921,550,5.586,3072.3,"2002-09-25 00:00:00","OVERNIGHT J-FAST",21.95,1.29,"2002-10-04 00:00:00",26455.275,2116.422,661.3819,29233.0789,"2002-10-09 00:00:00",550.00,55.00,495.00
230,0,4,264,98,930,550,42.5145,23382.975,"2002-09-25 00:00:00","OVERNIGHT J-FAST",21.95,1.29,"2002-10-04 00:00:00",26455.275,2116.422,661.3819,29233.0789,"2002-10-09 00:00:00",550.00,0.00,550.00
231,0,4,244,72,952,60,15.7395,944.37,"2002-09-25 00:00:00","ZY - EXPRESS",9.95,1.99,"2002-10-04 00:00:00",944.37,75.5496,23.6093,1043.5289,"2002-10-09 00:00:00",60.00,0.00,60.00
232,0,4,231,22,934,550,37.6215,20691.825,"2002-09-25 00:00:00","OVERNIGHT J-FAST",21.95,1.29,"2002-10-04 00:00:00",44594.55,3567.564,1114.8638,49276.9778,"2002-10-09 00:00:00",550.00,0.00,550.00
232,0,4,231,22,933,550,43.4595,23902.725,"2002-09-25 00:00:00","OVERNIGHT J-FAST",21.95,1.29,"2002-10-04 00:00:00",44594.55,3567.564,1114.8638,49276.9778,"2002-10-09 00:00:00",550.00,82.00,468.00
233,0,4,241,50,319,550,48.5835,26720.925,"2002-09-29 00:00:00","CARGO TRANSPORT 5",8.99,1.49,"2002-10-08 00:00:00",26720.925,2137.674,668.0231,29526.6221,"2002-10-13 00:00:00",550.00,0.00,550.00
234,0,3,266,71,929,550,36.561,20108.55,"2002-09-29 00:00:00","CARGO TRANSPORT 5",8.99,1.49,"2002-10-08 00:00:00",37843.575,3027.486,946.0894,41817.1504,"2002-10-13 00:00:00",550.00,550.00,0.00
234,0,3,266,71,928,550,32.2455,17735.025,"2002-09-29 00:00:00","CARGO TRANSPORT 5",8.99,1.49,"2002-10-08 00:00:00",37843.575,3027.486,946.0894,41817.1504,"2002-10-13 00:00:00",550.00,550.00,0.00
235,0,4,164,40,319,550,46.4205,25531.275,"2002-09-29 00:00:00","OVERNIGHT J-FAST",21.95,1.29,"2002-10-08 00:00:00",25531.275,2042.502,638.2819,28212.0589,"2002-10-13 00:00:00",550.00,0.00,550.00
236,0,4,223,91,373,3,41.2965,123.8895,"2002-09-29 00:00:00","OVERNIGHT J-FAST",21.95,1.29,"2002-10-08 00:00:00",482.517,38.6014,12.0629,533.1813,"2002-10-13 00:00:00",3.00,0.00,3.00
236,0,4,223,91,372,3,37.023,111.069,"2002-09-29 00:00:00","OVERNIGHT J-FAST",21.95,1.29,"2002-10-08 00:00:00",482.517,38.6014,12.0629,533.1813,"2002-10-13 00:00:00",3.00,0.00,3.00
236,0,4,223,91,371,3,39.123,117.369,"2002-09-29 00:00:00","OVERNIGHT J-FAST",21.95,1.29,"2002-10-08 00:00:00",482.517,38.6014,12.0629,533.1813,"2002-10-13 00:00:00",3.00,0.00,3.00
236,0,4,223,91,370,3,43.3965,130.1895,"2002-09-29 00:00:00","OVERNIGHT J-FAST",21.95,1.29,"2002-10-08 00:00:00",482.517,38.6014,12.0629,533.1813,"2002-10-13 00:00:00",3.00,0.00,3.00
237,0,4,233,57,2,3,41.916,125.748,"2002-10-07 00:00:00","OVERNIGHT J-FAST",21.95,1.29,"2002-10-16 00:00:00",125.748,10.0598,3.1437,138.9515,"2002-10-21 00:00:00",3.00,0.00,3.00
238,0,4,238,83,1,3,50.2635,150.7905,"2002-10-07 00:00:00","CARGO TRANSPORT 5",8.99,1.49,"2002-10-16 00:00:00",150.7905,12.0632,3.7698,166.6235,"2002-10-21 00:00:00",3.00,0.00,3.00
239,0,4,198,32,372,3,37.1805,111.5415,"2002-10-07 00:00:00","OVERNIGHT J-FAST",21.95,1.29,"2002-10-16 00:00:00",602.028,48.1622,15.0507,665.2409,"2002-10-21 00:00:00",3.00,0.00,3.00
239,0,4,198,32,371,3,39.2805,117.8415,"2002-10-07 00:00:00","OVERNIGHT J-FAST",21.95,1.29,"2002-10-16 00:00:00",602.028,48.1622,15.0507,665.2409,"2002-10-21 00:00:00",3.00,0.00,3.00
239,0,4,198,32,370,3,43.554,130.662,"2002-10-07 00:00:00","OVERNIGHT J-FAST",21.95,1.29,"2002-10-16 00:00:00",602.028,48.1622,15.0507,665.2409,"2002-10-21 00:00:00",3.00,0.00,3.00
239,0,4,198,32,369,3,39.2805,117.8415,"2002-10-07 00:00:00","OVERNIGHT J-FAST",21.95,1.29,"2002-10-16 00:00:00",602.028,48.1622,15.0507,665.2409,"2002-10-21 00:00:00",3.00,0.00,3.00
239,0,4,198,32,368,3,41.3805,124.1415,"2002-10-07 00:00:00","OVERNIGHT J-FAST",21.95,1.29,"2002-10-16 00:00:00",602.028,48.1622,15.0507,665.2409,"2002-10-21 00:00:00",3.00,0.00,3.00
240,0,4,264,38,530,550,16.086,8847.3,"2002-10-07 00:00:00","ZY - EXPRESS",9.95,1.99,"2002-10-16 00:00:00",8847.3,707.784,221.1825,9776.2665,"2002-10-21 00:00:00",550.00,0.00,550.00
241,0,4,244,85,4,3,57.0255,171.0765,"2002-10-23 00:00:00","CARGO TRANSPORT 5",8.99,1.49,"2002-11-01 00:00:00",171.0765,13.6861,4.2769,189.0395,"2002-11-06 00:00:00",3.00,0.00,3.00
242,0,4,231,92,512,550,37.086,20397.3,"2002-10-23 00:00:00","OVERNIGHT J-FAST",21.95,1.29,"2002-11-01 00:00:00",20397.3,1631.784,509.9325,22539.0165,"2002-11-06 00:00:00",550.00,82.00,468.00
243,0,4,241,11,513,550,26.5965,14628.075,"2002-10-23 00:00:00","OVERSEAS - DELUXE",29.95,2.99,"2002-11-01 00:00:00",14628.075,1170.246,365.7019,16164.0229,"2002-11-06 00:00:00",550.00,0.00,550.00
244,0,3,266,84,318,550,33.579,18468.45,"2002-10-23 00:00:00","OVERSEAS - DELUXE",29.95,2.99,"2002-11-01 00:00:00",33350.625,2668.05,833.7656,36852.4406,"2002-11-06 00:00:00",550.00,550.00,0.00
244,0,3,266,84,317,550,27.0585,14882.175,"2002-10-23 00:00:00","OVERSEAS - DELUXE",29.95,2.99,"2002-11-01 00:00:00",33350.625,2668.05,833.7656,36852.4406,"2002-11-06 00:00:00",550.00,550.00,0.00
245,1,4,274,78,421,3,47.5755,142.7265,"2002-10-23 00:00:00","OVERNIGHT J-FAST",21.95,1.29,"2002-11-01 00:00:00",475.6815,38.0545,11.892,525.628,"2002-11-06 00:00:00",3.00,0.00,3.00
245,1,4,274,78,420,3,39.144,117.432,"2002-10-23 00:00:00","OVERNIGHT J-FAST",21.95,1.29,"2002-11-01 00:00:00",475.6815,38.0545,11.892,525.628,"2002-11-06 00:00:00",3.00,0.00,3.00
245,1,4,274,78,419,3,34.8705,104.6115,"2002-10-23 00:00:00","OVERNIGHT J-FAST",21.95,1.29,"2002-11-01 00:00:00",475.6815,38.0545,11.892,525.628,"2002-11-06 00:00:00",3.00,0.00,3.00
245,1,4,274,78,418,3,36.9705,110.9115,"2002-10-23 00:00:00","OVERNIGHT J-FAST",21.95,1.29,"2002-11-01 00:00:00",475.6815,38.0545,11.892,525.628,"2002-11-06 00:00:00",3.00,0.00,3.00
246,0,4,223,74,425,3,45.423,136.269,"2002-10-23 00:00:00","CARGO TRANSPORT 5",8.99,1.49,"2002-11-01 00:00:00",564.1965,45.1357,14.1049,623.4371,"2002-11-06 00:00:00",3.00,0.00,3.00
246,0,4,223,74,424,3,49.6965,149.0895,"2002-10-23 00:00:00","CARGO TRANSPORT 5",8.99,1.49,"2002-11-01 00:00:00",564.1965,45.1357,14.1049,623.4371,"2002-11-06 00:00:00",3.00,0.00,3.00
246,0,4,223,74,423,3,45.423,136.269,"2002-10-23 00:00:00","CARGO TRANSPORT 5",8.99,1.49,"2002-11-01 00:00:00",564.1965,45.1357,14.1049,623.4371,"2002-11-06 00:00:00",3.00,0.00,3.00
246,0,4,223,74,422,3,47.523,142.569,"2002-10-23 00:00:00","CARGO TRANSPORT 5",8.99,1.49,"2002-11-01 00:00:00",564.1965,45.1357,14.1049,623.4371,"2002-11-06 00:00:00",3.00,0.00,3.00
247,0,4,233,13,322,60,25.4205,1525.23,"2002-10-23 00:00:00","CARGO TRANSPORT 5",8.99,1.49,"2002-11-01 00:00:00",1796.0355,143.6828,44.9009,1984.6192,"2002-11-06 00:00:00",60.00,0.00,60.00
247,0,4,233,13,321,3,42.798,128.394,"2002-10-23 00:00:00","CARGO TRANSPORT 5",8.99,1.49,"2002-11-01 00:00:00",1796.0355,143.6828,44.9009,1984.6192,"2002-11-06 00:00:00",3.00,0.00,3.00
247,0,4,233,13,320,3,47.4705,142.4115,"2002-10-23 00:00:00","CARGO TRANSPORT 5",8.99,1.49,"2002-11-01 00:00:00",1796.0355,143.6828,44.9009,1984.6192,"2002-11-06 00:00:00",3.00,0.00,3.00
248,1,4,238,51,454,3,41.3805,124.1415,"2002-10-23 00:00:00","OVERNIGHT J-FAST",21.95,1.29,"2002-11-01 00:00:00",665.028,53.2022,16.6257,734.8559,"2002-11-06 00:00:00",3.00,0.00,3.00
248,1,4,238,51,453,3,43.4805,130.4415,"2002-10-23 00:00:00","OVERNIGHT J-FAST",21.95,1.29,"2002-11-01 00:00:00",665.028,53.2022,16.6257,734.8559,"2002-11-06 00:00:00",3.00,0.00,3.00
248,1,4,238,51,452,3,47.754,143.262,"2002-10-23 00:00:00","OVERNIGHT J-FAST",21.95,1.29,"2002-11-01 00:00:00",665.028,53.2022,16.6257,734.8559,"2002-11-06 00:00:00",3.00,0.00,3.00
248,1,4,238,51,451,3,43.4805,130.4415,"2002-10-23 00:00:00","OVERNIGHT J-FAST",21.95,1.29,"2002-11-01 00:00:00",665.028,53.2022,16.6257,734.8559,"2002-11-06 00:00:00",3.00,0.00,3.00
248,1,4,238,51,450,3,45.5805,136.7415,"2002-10-23 00:00:00","OVERNIGHT J-FAST",21.95,1.29,"2002-11-01 00:00:00",665.028,53.2022,16.6257,734.8559,"2002-11-06 00:00:00",3.00,0.00,3.00
249,0,4,261,80,941,550,62.9895,34644.225,"2002-10-23 00:00:00","CARGO TRANSPORT 5",8.99,1.49,"2002-11-01 00:00:00",34644.225,2771.538,866.1056,38281.8686,"2002-11-06 00:00:00",550.00,0.00,550.00
250,0,4,264,47,322,60,26.3655,1581.93,"2002-10-23 00:00:00","OVERNIGHT J-FAST",21.95,1.29,"2002-11-01 00:00:00",1839.5055,147.1604,45.9876,2032.6535,"2002-11-06 00:00:00",60.00,0.00,60.00
250,0,4,264,47,321,3,40.488,121.464,"2002-10-23 00:00:00","OVERNIGHT J-FAST",21.95,1.29,"2002-11-01 00:00:00",1839.5055,147.1604,45.9876,2032.6535,"2002-11-06 00:00:00",3.00,0.00,3.00
250,0,4,264,47,320,3,45.3705,136.1115,"2002-10-23 00:00:00","OVERNIGHT J-FAST",21.95,1.29,"2002-11-01 00:00:00",1839.5055,147.1604,45.9876,2032.6535,"2002-11-06 00:00:00",3.00,0.00,3.00
251,0,4,244,81,504,3,48.762,146.286,"2002-10-23 00:00:00","CARGO TRANSPORT 5",8.99,1.49,"2002-11-01 00:00:00",146.286,11.7029,3.6572,161.6461,"2002-11-06 00:00:00",3.00,0.00,3.00
252,0,4,231,46,497,3,34.188,102.564,"2002-10-23 00:00:00","CARGO TRANSPORT 5",8.99,1.49,"2002-11-01 00:00:00",102.564,8.2051,2.5641,113.3332,"2002-11-06 00:00:00",3.00,0.00,3.00
253,0,4,198,21,323,3,50.2635,150.7905,"2002-10-23 00:00:00","CARGO TRANSPORT 5",8.99,1.49,"2002-11-01 00:00:00",150.7905,12.0632,3.7698,166.6235,"2002-11-06 00:00:00",3.00,0.00,3.00
254,1,3,266,27,524,550,14.1225,7767.375,"2002-10-23 00:00:00","CARGO TRANSPORT 5",8.99,1.49,"2002-11-01 00:00:00",13669.425,1093.554,341.7356,15104.7146,"2002-11-06 00:00:00",550.00,550.00,0.00
254,1,3,266,27,523,550,10.731,5902.05,"2002-10-23 00:00:00","CARGO TRANSPORT 5",8.99,1.49,"2002-11-01 00:00:00",13669.425,1093.554,341.7356,15104.7146,"2002-11-06 00:00:00",550.00,550.00,0.00
255,0,4,164,86,496,60,48.909,2934.54,"2002-10-23 00:00:00","CARGO TRANSPORT 5",8.99,1.49,"2002-11-01 00:00:00",2934.54,234.7632,73.3635,3242.6667,"2002-11-06 00:00:00",60.00,0.00,60.00
256,0,4,223,45,916,550,40.9395,22516.725,"2002-10-23 00:00:00","ZY - EXPRESS",9.95,1.99,"2002-11-01 00:00:00",50860.425,4068.834,1271.5106,56200.7696,"2002-11-06 00:00:00",550.00,0.00,550.00
256,0,4,223,45,915,550,30.4395,16741.725,"2002-10-23 00:00:00","ZY - EXPRESS",9.95,1.99,"2002-11-01 00:00:00",50860.425,4068.834,1271.5106,56200.7696,"2002-11-06 00:00:00",550.00,0.00,550.00
256,0,4,223,45,914,550,21.0945,11601.975,"2002-10-23 00:00:00","ZY - EXPRESS",9.95,1.99,"2002-11-01 00:00:00",50860.425,4068.834,1271.5106,56200.7696,"2002-11-06 00:00:00",468.00,0.00,468.00
257,0,4,233,93,506,60,9.198,551.88,"2002-11-03 00:00:00","XRQ - TRUCK GROUND",3.95,0.99,"2002-11-12 00:00:00",551.88,44.1504,13.797,609.8274,"2002-11-17 00:00:00",60.00,0.00,60.00
258,0,4,238,64,679,550,5.775,3176.25,"2002-11-03 00:00:00","XRQ - TRUCK GROUND",3.95,0.99,"2002-11-12 00:00:00",6987.75,559.02,174.6938,7721.4638,"2002-11-17 00:00:00",550.00,0.00,550.00
258,0,4,238,64,352,550,1.155,635.25,"2002-11-03 00:00:00","XRQ - TRUCK GROUND",3.95,0.99,"2002-11-12 00:00:00",6987.75,559.02,174.6938,7721.4638,"2002-11-17 00:00:00",550.00,0.00,550.00
258,0,4,238,64,351,550,5.775,3176.25,"2002-11-03 00:00:00","XRQ - TRUCK GROUND",3.95,0.99,"2002-11-12 00:00:00",6987.75,559.02,174.6938,7721.4638,"2002-11-17 00:00:00",550.00,0.00,550.00
259,0,4,261,4,508,550,27.6465,15205.575,"2002-11-03 00:00:00","ZY - EXPRESS",9.95,1.99,"2002-11-12 00:00:00",28072.275,2245.782,701.8069,31019.8639,"2002-11-17 00:00:00",550.00,0.00,550.00
259,0,4,261,4,507,550,23.394,12866.7,"2002-11-03 00:00:00","ZY - EXPRESS",9.95,1.99,"2002-11-12 00:00:00",28072.275,2245.782,701.8069,31019.8639,"2002-11-17 00:00:00",550.00,0.00,550.00
260,0,4,264,17,535,550,3.486,1917.3,"2002-11-03 00:00:00","XRQ - TRUCK GROUND",3.95,0.99,"2002-11-12 00:00:00",37312.275,2984.982,932.8069,41230.0639,"2002-11-17 00:00:00",550.00,0.00,550.00
260,0,4,264,17,940,550,62.9895,34644.225,"2002-11-03 00:00:00","XRQ - TRUCK GROUND",3.95,0.99,"2002-11-12 00:00:00",37312.275,2984.982,932.8069,41230.0639,"2002-11-17 00:00:00",550.00,55.00,495.00
260,0,4,264,17,355,550,1.365,750.75,"2002-11-03 00:00:00","XRQ - TRUCK GROUND",3.95,0.99,"2002-11-12 00:00:00",37312.275,2984.982,932.8069,41230.0639,"2002-11-17 00:00:00",550.00,0.00,550.00
261,0,4,244,12,679,550,6.195,3407.25,"2002-11-12 00:00:00","XRQ - TRUCK GROUND",3.95,0.99,"2002-11-21 00:00:00",3407.25,272.58,85.1813,3765.0113,"2002-11-26 00:00:00",550.00,0.00,550.00
262,3,4,231,44,508,550,29.2845,16106.475,"2002-11-12 00:00:00","ZY - EXPRESS",9.95,1.99,"2002-11-21 00:00:00",28297.5,2263.8,707.4375,31268.7375,"2002-11-26 00:00:00",550.00,0.00,550.00
262,3,4,231,44,507,550,22.1655,12191.025,"2002-11-12 00:00:00","ZY - EXPRESS",9.95,1.99,"2002-11-21 00:00:00",28297.5,2263.8,707.4375,31268.7375,"2002-11-26 00:00:00",550.00,82.00,468.00
263,0,4,241,30,491,3,19.9815,59.9445,"2002-11-12 00:00:00","ZY - EXPRESS",9.95,1.99,"2002-11-21 00:00:00",59.9445,4.7956,1.4986,66.2387,"2002-11-26 00:00:00",3.00,0.00,3.00
264,0,3,266,8,342,3,39.0705,117.2115,"2002-11-12 00:00:00","OVERNIGHT J-FAST",21.95,1.29,"2002-11-21 00:00:00",240.723,19.2578,6.0181,265.9989,"2002-11-26 00:00:00",3.00,3.00,0.00
264,0,3,266,8,341,3,41.1705,123.5115,"2002-11-12 00:00:00","OVERNIGHT J-FAST",21.95,1.29,"2002-11-21 00:00:00",240.723,19.2578,6.0181,265.9989,"2002-11-26 00:00:00",3.00,3.00,0.00
265,0,4,164,73,936,550,48.2895,26559.225,"2002-11-18 00:00:00","CARGO TRANSPORT 5",8.99,1.49,"2002-11-27 00:00:00",43878.45,3510.276,1096.9613,48485.6873,"2002-12-02 00:00:00",523.00,0.00,523.00
265,0,4,164,73,935,550,31.4895,17319.225,"2002-11-18 00:00:00","CARGO TRANSPORT 5",8.99,1.49,"2002-11-27 00:00:00",43878.45,3510.276,1096.9613,48485.6873,"2002-12-02 00:00:00",550.00,0.00,550.00
266,0,4,223,76,394,3,43.218,129.654,"2002-11-18 00:00:00","OVERNIGHT J-FAST",21.95,1.29,"2002-11-27 00:00:00",475.209,38.0167,11.8802,525.1059,"2002-12-02 00:00:00",3.00,0.00,3.00
266,0,4,223,76,393,3,36.9705,110.9115,"2002-11-18 00:00:00","OVERNIGHT J-FAST",21.95,1.29,"2002-11-27 00:00:00",475.209,38.0167,11.8802,525.1059,"2002-12-02 00:00:00",3.00,0.00,3.00
266,0,4,223,76,392,3,41.244,123.732,"2002-11-18 00:00:00","OVERNIGHT J-FAST",21.95,1.29,"2002-11-27 00:00:00",475.209,38.0167,11.8802,525.1059,"2002-12-02 00:00:00",3.00,0.00,3.00
266,0,4,223,76,391,3,36.9705,110.9115,"2002-11-18 00:00:00","OVERNIGHT J-FAST",21.95,1.29,"2002-11-27 00:00:00",475.209,38.0167,11.8802,525.1059,"2002-12-02 00:00:00",3.00,0.00,3.00
267,0,4,233,77,489,550,10.4685,5757.675,"2002-11-18 00:00:00","CARGO TRANSPORT 5",8.99,1.49,"2002-11-27 00:00:00",5757.675,460.614,143.9419,6362.2309,"2002-12-02 00:00:00",550.00,0.00,550.00
268,0,4,238,28,402,3,47.4705,142.4115,"2002-11-18 00:00:00","CARGO TRANSPORT 5",8.99,1.49,"2002-11-27 00:00:00",142.4115,11.3929,3.5603,157.3647,"2002-12-02 00:00:00",3.00,0.00,3.00
269,0,4,261,2,512,550,34.9755,19236.525,"2002-11-18 00:00:00","ZY - EXPRESS",9.95,1.99,"2002-11-27 00:00:00",48030.675,3842.454,1200.7669,53073.8959,"2002-12-02 00:00:00",550.00,0.00,550.00
269,0,4,261,2,511,550,29.274,16100.7,"2002-11-18 00:00:00","ZY - EXPRESS",9.95,1.99,"2002-11-27 00:00:00",48030.675,3842.454,1200.7669,53073.8959,"2002-12-02 00:00:00",550.00,0.00,550.00
269,0,4,261,2,510,550,23.079,12693.45,"2002-11-18 00:00:00","ZY - EXPRESS",9.95,1.99,"2002-11-27 00:00:00",48030.675,3842.454,1200.7669,53073.8959,"2002-12-02 00:00:00",550.00,0.00,550.00
270,0,4,264,87,916,550,40.9395,22516.725,"2002-11-18 00:00:00","OVERNIGHT J-FAST",21.95,1.29,"2002-11-27 00:00:00",22516.725,1801.338,562.9181,24880.9811,"2002-12-02 00:00:00",550.00,0.00,550.00
271,1,4,244,31,525,550,2.3205,1276.275,"2002-11-18 00:00:00","XRQ - TRUCK GROUND",3.95,0.99,"2002-11-27 00:00:00",1276.275,102.102,31.9069,1410.2839,"2002-12-02 00:00:00",550.00,0.00,550.00
272,0,4,231,26,526,550,3.6435,2003.925,"2002-11-18 00:00:00","XRQ - TRUCK GROUND",3.95,0.99,"2002-11-27 00:00:00",2003.925,160.314,50.0981,2214.3371,"2002-12-02 00:00:00",550.00,82.00,468.00
273,0,4,241,24,913,550,40.9395,22516.725,"2002-11-18 00:00:00","OVERNIGHT J-FAST",21.95,1.29,"2002-11-27 00:00:00",22516.725,1801.338,562.9181,24880.9811,"2002-12-02 00:00:00",550.00,0.00,550.00
274,0,3,266,48,357,60,3.9795,238.77,"2002-11-18 00:00:00","XRQ - TRUCK GROUND",3.95,0.99,"2002-11-27 00:00:00",454.86,36.3888,11.3715,502.6203,"2002-12-02 00:00:00",60.00,60.00,0.00
274,0,3,266,48,356,60,3.6015,216.09,"2002-11-18 00:00:00","XRQ - TRUCK GROUND",3.95,0.99,"2002-11-27 00:00:00",454.86,36.3888,11.3715,502.6203,"2002-12-02 00:00:00",60.00,60.00,0.00
275,0,4,164,88,936,550,48.2895,26559.225,"2002-11-18 00:00:00","CARGO TRANSPORT 5",8.99,1.49,"2002-11-27 00:00:00",43878.45,3510.276,1096.9613,48485.6873,"2002-12-02 00:00:00",523.00,0.00,523.00
275,0,4,164,88,935,550,31.4895,17319.225,"2002-11-18 00:00:00","CARGO TRANSPORT 5",8.99,1.49,"2002-11-27 00:00:00",43878.45,3510.276,1096.9613,48485.6873,"2002-12-02 00:00:00",550.00,0.00,550.00
276,0,4,223,96,524,550,12.9675,7132.125,"2002-11-18 00:00:00","ZY - EXPRESS",9.95,1.99,"2002-11-27 00:00:00",7132.125,570.57,178.3031,7880.9981,"2002-12-02 00:00:00",468.00,0.00,468.00
277,2,4,198,39,912,550,30.4395,16741.725,"2002-11-18 00:00:00","ZY - EXPRESS",9.95,1.99,"2002-11-27 00:00:00",28343.7,2267.496,708.5925,31319.7885,"2002-12-02 00:00:00",550.00,0.00,550.00
277,2,4,198,39,911,550,21.0945,11601.975,"2002-11-18 00:00:00","ZY - EXPRESS",9.95,1.99,"2002-11-27 00:00:00",28343.7,2267.496,708.5925,31319.7885,"2002-12-02 00:00:00",550.00,0.00,550.00
278,0,4,238,52,910,550,40.9395,22516.725,"2002-11-18 00:00:00","OVERNIGHT J-FAST",21.95,1.29,"2002-11-27 00:00:00",22516.725,1801.338,562.9181,24880.9811,"2002-12-02 00:00:00",550.00,0.00,550.00
279,0,4,261,43,937,550,62.9895,34644.225,"2002-11-18 00:00:00","CARGO TRANSPORT 5",8.99,1.49,"2002-11-27 00:00:00",34644.225,2771.538,866.1056,38281.8686,"2002-12-02 00:00:00",550.00,0.00,550.00
280,0,4,264,37,474,3,43.3965,130.1895,"2002-11-18 00:00:00","OVERNIGHT J-FAST",21.95,1.29,"2002-11-27 00:00:00",371.2275,29.6982,9.2807,410.2064,"2002-12-02 00:00:00",3.00,0.00,3.00
280,0,4,264,37,473,3,39.123,117.369,"2002-11-18 00:00:00","OVERNIGHT J-FAST",21.95,1.29,"2002-11-27 00:00:00",371.2275,29.6982,9.2807,410.2064,"2002-12-02 00:00:00",3.00,0.00,3.00
280,0,4,264,37,472,3,41.223,123.669,"2002-11-18 00:00:00","OVERNIGHT J-FAST",21.95,1.29,"2002-11-27 00:00:00",371.2275,29.6982,9.2807,410.2064,"2002-12-02 00:00:00",3.00,0.00,3.00
281,0,4,244,1,462,3,47.6805,143.0415,"2003-03-12 00:00:00","CARGO TRANSPORT 5",8.99,1.49,"2003-03-21 00:00:00",143.0415,11.4433,3.576,158.0608,"2003-03-26 00:00:00",3.00,0.00,3.00
282,0,4,231,56,511,550,27.867,15326.85,"2003-03-12 00:00:00","ZY - EXPRESS",9.95,1.99,"2003-03-21 00:00:00",28199.325,2255.946,704.9831,31160.2541,"2003-03-26 00:00:00",550.00,0.00,550.00
282,0,4,231,56,510,550,23.4045,12872.475,"2003-03-12 00:00:00","ZY - EXPRESS",9.95,1.99,"2003-03-21 00:00:00",28199.325,2255.946,704.9831,31160.2541,"2003-03-26 00:00:00",550.00,82.00,468.00
283,0,4,241,60,527,550,6.7515,3713.325,"2003-03-12 00:00:00","XRQ - TRUCK GROUND",3.95,0.99,"2003-03-21 00:00:00",3713.325,297.066,92.8331,4103.2241,"2003-03-26 00:00:00",550.00,0.00,550.00
284,1,3,266,53,939,550,48.2895,26559.225,"2003-03-12 00:00:00","CARGO TRANSPORT 5",8.99,1.49,"2003-03-21 00:00:00",43878.45,3510.276,1096.9613,48485.6873,"2003-03-26 00:00:00",550.00,550.00,0.00
284,1,3,266,53,938,550,31.4895,17319.225,"2003-03-12 00:00:00","CARGO TRANSPORT 5",8.99,1.49,"2003-03-21 00:00:00",43878.45,3510.276,1096.9613,48485.6873,"2003-03-26 00:00:00",550.00,550.00,0.00
285,0,4,164,10,496,60,49.6545,2979.27,"2003-03-12 00:00:00","CARGO TRANSPORT 5",8.99,1.49,"2003-03-21 00:00:00",2979.27,238.3416,74.4818,3292.0934,"2003-03-26 00:00:00",60.00,0.00,60.00
286,0,4,223,66,523,550,10.3845,5711.475,"2003-03-12 00:00:00","CARGO TRANSPORT 5",8.99,1.49,"2003-03-21 00:00:00",5711.475,456.918,142.7869,6311.1799,"2003-03-26 00:00:00",468.00,0.00,468.00
287,0,4,233,68,437,3,37.1805,111.5415,"2003-03-12 00:00:00","OVERNIGHT J-FAST",21.95,1.29,"2003-03-21 00:00:00",347.445,27.7956,8.6861,383.9267,"2003-03-26 00:00:00",3.00,0.00,3.00
287,0,4,233,68,436,3,41.454,124.362,"2003-03-12 00:00:00","OVERNIGHT J-FAST",21.95,1.29,"2003-03-21 00:00:00",347.445,27.7956,8.6861,383.9267,"2003-03-26 00:00:00",3.00,0.00,3.00
287,0,4,233,68,435,3,37.1805,111.5415,"2003-03-12 00:00:00","OVERNIGHT J-FAST",21.95,1.29,"2003-03-21 00:00:00",347.445,27.7956,8.6861,383.9267,"2003-03-26 00:00:00",3.00,0.00,3.00
288,0,4,198,61,491,3,19.9395,59.8185,"2003-03-12 00:00:00","ZY - EXPRESS",9.95,1.99,"2003-03-21 00:00:00",97.965,7.8372,2.4491,108.2513,"2003-03-26 00:00:00",3.00,0.00,3.00
288,0,4,198,61,490,3,12.7155,38.1465,"2003-03-12 00:00:00","ZY - EXPRESS",9.95,1.99,"2003-03-21 00:00:00",97.965,7.8372,2.4491,108.2513,"2003-03-26 00:00:00",3.00,0.00,3.00
289,0,4,261,5,528,3,38.157,114.471,"2003-03-17 00:00:00","OVERNIGHT J-FAST",21.95,1.29,"2003-03-26 00:00:00",114.471,9.1577,2.8618,126.4905,"2003-03-31 00:00:00",3.00,0.00,3.00
290,1,4,264,58,505,3,44.2155,132.6465,"2003-03-17 00:00:00","OVERNIGHT J-FAST",21.95,1.29,"2003-03-26 00:00:00",132.6465,10.6117,3.3162,146.5744,"2003-03-31 00:00:00",3.00,0.00,3.00
291,0,4,244,35,939,550,48.2895,26559.225,"2003-03-17 00:00:00","CARGO TRANSPORT 5",8.99,1.49,"2003-03-26 00:00:00",43878.45,3510.276,1096.9613,48485.6873,"2003-03-31 00:00:00",550.00,0.00,550.00
291,0,4,244,35,938,550,31.4895,17319.225,"2003-03-17 00:00:00","CARGO TRANSPORT 5",8.99,1.49,"2003-03-26 00:00:00",43878.45,3510.276,1096.9613,48485.6873,"2003-03-31 00:00:00",550.00,0.00,550.00
292,0,4,274,103,358,60,6.9825,418.95,"2003-03-17 00:00:00","XRQ - TRUCK GROUND",3.95,0.99,"2003-03-26 00:00:00",418.95,33.516,10.4738,462.9398,"2003-03-31 00:00:00",60.00,9.00,51.00
293,0,4,241,7,379,3,45.444,136.332,"2003-03-17 00:00:00","OVERNIGHT J-FAST",21.95,1.29,"2003-03-26 00:00:00",389.655,31.1724,9.7414,430.5688,"2003-03-31 00:00:00",3.00,0.00,3.00
293,0,4,241,7,378,3,41.1705,123.5115,"2003-03-17 00:00:00","OVERNIGHT J-FAST",21.95,1.29,"2003-03-26 00:00:00",389.655,31.1724,9.7414,430.5688,"2003-03-31 00:00:00",3.00,0.00,3.00
293,0,4,241,7,377,3,43.2705,129.8115,"2003-03-17 00:00:00","OVERNIGHT J-FAST",21.95,1.29,"2003-03-26 00:00:00",389.655,31.1724,9.7414,430.5688,"2003-03-31 00:00:00",3.00,0.00,3.00
294,0,3,266,69,357,60,4.3155,258.93,"2003-03-17 00:00:00","XRQ - TRUCK GROUND",3.95,0.99,"2003-03-26 00:00:00",461.79,36.9432,11.5448,510.278,"2003-03-31 00:00:00",60.00,60.00,0.00
294,0,3,266,69,356,60,3.381,202.86,"2003-03-17 00:00:00","XRQ - TRUCK GROUND",3.95,0.99,"2003-03-26 00:00:00",461.79,36.9432,11.5448,510.278,"2003-03-31 00:00:00",60.00,60.00,0.00
295,0,4,164,23,397,3,41.244,123.732,"2003-03-17 00:00:00","OVERNIGHT J-FAST",21.95,1.29,"2003-03-26 00:00:00",982.4535,78.5963,24.5613,1085.6111,"2003-03-31 00:00:00",3.00,0.00,3.00
295,0,4,164,23,396,3,36.9705,110.9115,"2003-03-17 00:00:00","OVERNIGHT J-FAST",21.95,1.29,"2003-03-26 00:00:00",982.4535,78.5963,24.5613,1085.6111,"2003-03-31 00:00:00",3.00,0.00,3.00
295,0,4,164,23,395,3,39.0705,117.2115,"2003-03-17 00:00:00","OVERNIGHT J-FAST",21.95,1.29,"2003-03-26 00:00:00",982.4535,78.5963,24.5613,1085.6111,"2003-03-31 00:00:00",3.00,0.00,3.00
295,0,4,164,23,394,3,43.344,130.032,"2003-03-17 00:00:00","OVERNIGHT J-FAST",21.95,1.29,"2003-03-26 00:00:00",982.4535,78.5963,24.5613,1085.6111,"2003-03-31 00:00:00",3.00,0.00,3.00
295,0,4,164,23,393,3,39.0705,117.2115,"2003-03-17 00:00:00","OVERNIGHT J-FAST",21.95,1.29,"2003-03-26 00:00:00",982.4535,78.5963,24.5613,1085.6111,"2003-03-31 00:00:00",3.00,0.00,3.00
295,0,4,164,23,392,3,41.1705,123.5115,"2003-03-17 00:00:00","OVERNIGHT J-FAST",21.95,1.29,"2003-03-26 00:00:00",982.4535,78.5963,24.5613,1085.6111,"2003-03-31 00:00:00",3.00,0.00,3.00
295,0,4,164,23,391,3,45.444,136.332,"2003-03-17 00:00:00","OVERNIGHT J-FAST",21.95,1.29,"2003-03-26 00:00:00",982.4535,78.5963,24.5613,1085.6111,"2003-03-31 00:00:00",3.00,0.00,3.00
295,0,4,164,23,390,3,41.1705,123.5115,"2003-03-17 00:00:00","OVERNIGHT J-FAST",21.95,1.29,"2003-03-26 00:00:00",982.4535,78.5963,24.5613,1085.6111,"2003-03-31 00:00:00",3.00,0.00,3.00
296,0,4,223,75,490,3,12.3585,37.0755,"2003-03-17 00:00:00","ZY - EXPRESS",9.95,1.99,"2003-03-26 00:00:00",37.0755,2.966,0.9269,40.9684,"2003-03-31 00:00:00",3.00,0.00,3.00
297,1,4,233,3,513,550,39.1965,21558.075,"2003-05-07 00:00:00","OVERNIGHT J-FAST",21.95,1.29,"2003-05-16 00:00:00",21558.075,1724.646,538.9519,23821.6729,"2003-05-21 00:00:00",550.00,0.00,550.00
298,0,4,238,54,419,3,43.3755,130.1265,"2003-05-07 00:00:00","CARGO TRANSPORT 5",8.99,1.49,"2003-05-16 00:00:00",688.8735,55.1099,17.2218,761.2052,"2003-05-21 00:00:00",3.00,0.00,3.00
298,0,4,238,54,418,3,47.649,142.947,"2003-05-07 00:00:00","CARGO TRANSPORT 5",8.99,1.49,"2003-05-16 00:00:00",688.8735,55.1099,17.2218,761.2052,"2003-05-21 00:00:00",3.00,0.00,3.00
298,0,4,238,54,417,3,43.3755,130.1265,"2003-05-07 00:00:00","CARGO TRANSPORT 5",8.99,1.49,"2003-05-16 00:00:00",688.8735,55.1099,17.2218,761.2052,"2003-05-21 00:00:00",3.00,0.00,3.00
298,0,4,238,54,416,3,45.4755,136.4265,"2003-05-07 00:00:00","CARGO TRANSPORT 5",8.99,1.49,"2003-05-16 00:00:00",688.8735,55.1099,17.2218,761.2052,"2003-05-21 00:00:00",3.00,0.00,3.00
298,0,4,238,54,415,3,49.749,149.247,"2003-05-07 00:00:00","CARGO TRANSPORT 5",8.99,1.49,"2003-05-16 00:00:00",688.8735,55.1099,17.2218,761.2052,"2003-05-21 00:00:00",3.00,0.00,3.00
299,0,4,261,104,934,550,38.1465,20980.575,"2003-05-07 00:00:00","OVERNIGHT J-FAST",21.95,1.29,"2003-05-16 00:00:00",20980.575,1678.446,524.5144,23183.5354,"2003-05-21 00:00:00",550.00,0.00,550.00
300,0,4,264,25,433,3,43.554,130.662,"2003-05-07 00:00:00","OVERNIGHT J-FAST",21.95,1.29,"2003-05-16 00:00:00",372.645,29.8116,9.3161,411.7727,"2003-05-21 00:00:00",3.00,0.00,3.00
300,0,4,264,25,432,3,39.2805,117.8415,"2003-05-07 00:00:00","OVERNIGHT J-FAST",21.95,1.29,"2003-05-16 00:00:00",372.645,29.8116,9.3161,411.7727,"2003-05-21 00:00:00",3.00,0.00,3.00
300,0,4,264,25,431,3,41.3805,124.1415,"2003-05-07 00:00:00","OVERNIGHT J-FAST",21.95,1.29,"2003-05-16 00:00:00",372.645,29.8116,9.3161,411.7727,"2003-05-21 00:00:00",3.00,0.00,3.00
301,0,4,244,90,349,3,45.549,136.647,"2003-05-14 00:00:00","OVERNIGHT J-FAST",21.95,1.29,"2003-05-23 00:00:00",260.4735,20.8379,6.5118,287.8232,"2003-05-28 00:00:00",3.00,0.00,3.00
301,0,4,244,90,348,3,41.2755,123.8265,"2003-05-14 00:00:00","OVERNIGHT J-FAST",21.95,1.29,"2003-05-23 00:00:00",260.4735,20.8379,6.5118,287.8232,"2003-05-28 00:00:00",3.00,0.00,3.00
302,0,4,231,33,932,550,39.2385,21581.175,"2003-05-14 00:00:00","CARGO TRANSPORT 5",8.99,1.49,"2003-05-23 00:00:00",40471.2,3237.696,1011.78,44720.676,"2003-05-28 00:00:00",550.00,0.00,550.00
302,0,4,231,33,931,550,34.3455,18890.025,"2003-05-14 00:00:00","CARGO TRANSPORT 5",8.99,1.49,"2003-05-23 00:00:00",40471.2,3237.696,1011.78,44720.676,"2003-05-28 00:00:00",550.00,82.00,468.00
303,1,4,241,41,345,3,43.2705,129.8115,"2003-05-14 00:00:00","CARGO TRANSPORT 5",8.99,1.49,"2003-05-23 00:00:00",414.855,33.1884,10.3714,458.4148,"2003-05-28 00:00:00",3.00,0.00,3.00
303,1,4,241,41,344,3,45.3705,136.1115,"2003-05-14 00:00:00","CARGO TRANSPORT 5",8.99,1.49,"2003-05-23 00:00:00",414.855,33.1884,10.3714,458.4148,"2003-05-28 00:00:00",3.00,0.00,3.00
303,1,4,241,41,343,3,49.644,148.932,"2003-05-14 00:00:00","CARGO TRANSPORT 5",8.99,1.49,"2003-05-23 00:00:00",414.855,33.1884,10.3714,458.4148,"2003-05-28 00:00:00",3.00,0.00,3.00
304,0,3,266,55,929,550,37.086,20397.3,"2003-05-14 00:00:00","CARGO TRANSPORT 5",8.99,1.49,"2003-05-23 00:00:00",38421.075,3073.686,960.5269,42455.2879,"2003-05-28 00:00:00",550.00,550.00,0.00
304,0,3,266,55,928,550,32.7705,18023.775,"2003-05-14 00:00:00","CARGO TRANSPORT 5",8.99,1.49,"2003-05-23 00:00:00",38421.075,3073.686,960.5269,42455.2879,"2003-05-28 00:00:00",550.00,550.00,0.00
305,0,4,164,70,332,550,10.815,5948.25,"2003-05-26 00:00:00","CARGO TRANSPORT 5",8.99,1.49,"2003-06-04 00:00:00",5948.25,475.86,148.7063,6572.8163,"2003-06-09 00:00:00",550.00,0.00,550.00
306,0,4,223,94,907,550,82.8345,45558.975,"2003-05-26 00:00:00","CARGO TRANSPORT 5",8.99,1.49,"2003-06-04 00:00:00",91117.95,7289.436,2277.9488,100685.3348,"2003-06-09 00:00:00",550.00,0.00,550.00
306,0,4,223,94,948,550,82.8345,45558.975,"2003-05-26 00:00:00","CARGO TRANSPORT 5",8.99,1.49,"2003-06-04 00:00:00",91117.95,7289.436,2277.9488,100685.3348,"2003-06-09 00:00:00",468.00,0.00,468.00
307,0,4,233,15,326,1250,0.21,262.5,"2003-05-26 00:00:00","XRQ - TRUCK GROUND",3.95,0.99,"2003-06-04 00:00:00",525,42,13.125,580.125,"2003-06-09 00:00:00",1250.00,0.00,1250.00
307,0,4,233,15,325,1250,0.21,262.5,"2003-05-26 00:00:00","XRQ - TRUCK GROUND",3.95,0.99,"2003-06-04 00:00:00",525,42,13.125,580.125,"2003-06-09 00:00:00",1250.00,0.00,1250.00
308,0,4,238,62,322,60,28.6965,1721.79,"2003-05-26 00:00:00","CARGO TRANSPORT 5",8.99,1.49,"2003-06-04 00:00:00",2003.6835,160.2947,50.0921,2214.0703,"2003-06-09 00:00:00",60.00,0.00,60.00
308,0,4,238,62,321,3,44.3205,132.9615,"2003-05-26 00:00:00","CARGO TRANSPORT 5",8.99,1.49,"2003-06-04 00:00:00",2003.6835,160.2947,50.0921,2214.0703,"2003-06-09 00:00:00",3.00,0.00,3.00
308,0,4,238,62,320,3,49.644,148.932,"2003-05-26 00:00:00","CARGO TRANSPORT 5",8.99,1.49,"2003-06-04 00:00:00",2003.6835,160.2947,50.0921,2214.0703,"2003-06-09 00:00:00",3.00,0.00,3.00
309,0,4,261,98,921,550,5.586,3072.3,"2003-05-26 00:00:00","OVERNIGHT J-FAST",21.95,1.29,"2003-06-04 00:00:00",26455.275,2116.422,661.3819,29233.0789,"2003-06-09 00:00:00",550.00,0.00,550.00
309,0,4,261,98,930,550,42.5145,23382.975,"2003-05-26 00:00:00","OVERNIGHT J-FAST",21.95,1.29,"2003-06-04 00:00:00",26455.275,2116.422,661.3819,29233.0789,"2003-06-09 00:00:00",550.00,0.00,550.00
310,0,4,274,72,952,60,15.7395,944.37,"2003-05-26 00:00:00","ZY - EXPRESS",9.95,1.99,"2003-06-04 00:00:00",944.37,75.5496,23.6093,1043.5289,"2003-06-09 00:00:00",60.00,0.00,60.00
311,0,4,244,22,923,550,6.1845,3401.475,"2003-05-26 00:00:00","XRQ - TRUCK GROUND",3.95,0.99,"2003-06-04 00:00:00",6993.525,559.482,174.8381,7727.8451,"2003-06-09 00:00:00",550.00,0.00,550.00
311,0,4,244,22,922,550,6.531,3592.05,"2003-05-26 00:00:00","XRQ - TRUCK GROUND",3.95,0.99,"2003-06-04 00:00:00",6993.525,559.482,174.8381,7727.8451,"2003-06-09 00:00:00",550.00,0.00,550.00
312,0,4,231,50,318,550,36.099,19854.45,"2003-05-26 00:00:00","OVERSEAS - DELUXE",29.95,2.99,"2003-06-04 00:00:00",36122.625,2889.81,903.0656,39915.5006,"2003-06-09 00:00:00",550.00,0.00,550.00
312,0,4,231,50,317,550,29.5785,16268.175,"2003-05-26 00:00:00","OVERSEAS - DELUXE",29.95,2.99,"2003-06-04 00:00:00",36122.625,2889.81,903.0656,39915.5006,"2003-06-09 00:00:00",550.00,82.00,468.00
313,0,4,241,71,929,550,36.561,20108.55,"2003-05-26 00:00:00","CARGO TRANSPORT 5",8.99,1.49,"2003-06-04 00:00:00",37843.575,3027.486,946.0894,41817.1504,"2003-06-09 00:00:00",550.00,0.00,550.00
313,0,4,241,71,928,550,32.2455,17735.025,"2003-05-26 00:00:00","CARGO TRANSPORT 5",8.99,1.49,"2003-06-04 00:00:00",37843.575,3027.486,946.0894,41817.1504,"2003-06-09 00:00:00",550.00,0.00,550.00
314,0,3,266,40,319,550,46.4205,25531.275,"2003-05-26 00:00:00","OVERNIGHT J-FAST",21.95,1.29,"2003-06-04 00:00:00",25531.275,2042.502,638.2819,28212.0589,"2003-06-09 00:00:00",550.00,550.00,0.00
315,0,4,164,91,374,3,37.023,111.069,"2003-05-26 00:00:00","OVERNIGHT J-FAST",21.95,1.29,"2003-06-04 00:00:00",111.069,8.8855,2.7767,122.7312,"2003-06-09 00:00:00",3.00,0.00,3.00
316,0,4,223,57,2,3,41.916,125.748,"2003-05-26 00:00:00","OVERNIGHT J-FAST",21.95,1.29,"2003-06-04 00:00:00",125.748,10.0598,3.1437,138.9515,"2003-06-09 00:00:00",3.00,0.00,3.00
317,0,4,233,83,1,3,50.2635,150.7905,"2003-05-26 00:00:00","CARGO TRANSPORT 5",8.99,1.49,"2003-06-04 00:00:00",150.7905,12.0632,3.7698,166.6235,"2003-06-09 00:00:00",3.00,0.00,3.00
318,0,4,238,32,374,3,37.1805,111.5415,"2003-05-26 00:00:00","OVERNIGHT J-FAST",21.95,1.29,"2003-06-04 00:00:00",235.9035,18.8723,5.8976,260.6734,"2003-06-09 00:00:00",3.00,0.00,3.00
318,0,4,238,32,373,3,41.454,124.362,"2003-05-26 00:00:00","OVERNIGHT J-FAST",21.95,1.29,"2003-06-04 00:00:00",235.9035,18.8723,5.8976,260.6734,"2003-06-09 00:00:00",3.00,0.00,3.00
319,0,4,261,38,530,550,16.086,8847.3,"2003-05-26 00:00:00","ZY - EXPRESS",9.95,1.99,"2003-06-04 00:00:00",8847.3,707.784,221.1825,9776.2665,"2003-06-09 00:00:00",550.00,0.00,550.00
320,0,4,264,85,4,3,57.0255,171.0765,"2003-05-26 00:00:00","CARGO TRANSPORT 5",8.99,1.49,"2003-06-04 00:00:00",171.0765,13.6861,4.2769,189.0395,"2003-06-09 00:00:00",3.00,0.00,3.00
321,0,4,274,92,512,550,37.086,20397.3,"2003-05-27 00:00:00","OVERNIGHT J-FAST",21.95,1.29,"2003-06-05 00:00:00",20397.3,1631.784,509.9325,22539.0165,"2003-06-10 00:00:00",550.00,0.00,550.00
322,3,4,231,11,513,550,26.5965,14628.075,"2003-05-27 00:00:00","OVERSEAS - DELUXE",29.95,2.99,"2003-06-05 00:00:00",14628.075,1170.246,365.7019,16164.0229,"2003-06-10 00:00:00",550.00,82.00,468.00
323,0,4,241,84,319,550,46.0635,25334.925,"2003-05-27 00:00:00","OVERNIGHT J-FAST",21.95,1.29,"2003-06-05 00:00:00",25334.925,2026.794,633.3731,27995.0921,"2003-06-10 00:00:00",550.00,0.00,550.00
324,1,3,266,78,404,3,45.3705,136.1115,"2003-05-27 00:00:00","CARGO TRANSPORT 5",8.99,1.49,"2003-06-05 00:00:00",278.523,22.2818,6.9631,307.7679,"2003-06-10 00:00:00",3.00,3.00,0.00
324,1,3,266,78,403,3,47.4705,142.4115,"2003-05-27 00:00:00","CARGO TRANSPORT 5",8.99,1.49,"2003-06-05 00:00:00",278.523,22.2818,6.9631,307.7679,"2003-06-10 00:00:00",3.00,3.00,0.00
325,0,4,164,74,437,3,37.023,111.069,"2003-05-27 00:00:00","OVERNIGHT J-FAST",21.95,1.29,"2003-06-05 00:00:00",1497.51,119.8008,37.4378,1654.7486,"2003-06-10 00:00:00",3.00,0.00,3.00
325,0,4,164,74,436,3,41.2965,123.8895,"2003-05-27 00:00:00","OVERNIGHT J-FAST",21.95,1.29,"2003-06-05 00:00:00",1497.51,119.8008,37.4378,1654.7486,"2003-06-10 00:00:00",3.00,0.00,3.00
325,0,4,164,74,435,3,37.023,111.069,"2003-05-27 00:00:00","OVERNIGHT J-FAST",21.95,1.29,"2003-06-05 00:00:00",1497.51,119.8008,37.4378,1654.7486,"2003-06-10 00:00:00",3.00,0.00,3.00
325,0,4,164,74,434,3,39.123,117.369,"2003-05-27 00:00:00","OVERNIGHT J-FAST",21.95,1.29,"2003-06-05 00:00:00",1497.51,119.8008,37.4378,1654.7486,"2003-06-10 00:00:00",3.00,0.00,3.00
325,0,4,164,74,433,3,43.3965,130.1895,"2003-05-27 00:00:00","OVERNIGHT J-FAST",21.95,1.29,"2003-06-05 00:00:00",1497.51,119.8008,37.4378,1654.7486,"2003-06-10 00:00:00",3.00,0.00,3.00
325,0,4,164,74,432,3,39.123,117.369,"2003-05-27 00:00:00","OVERNIGHT J-FAST",21.95,1.29,"2003-06-05 00:00:00",1497.51,119.8008,37.4378,1654.7486,"2003-06-10 00:00:00",3.00,0.00,3.00
325,0,4,164,74,431,3,41.223,123.669,"2003-05-27 00:00:00","OVERNIGHT J-FAST",21.95,1.29,"2003-06-05 00:00:00",1497.51,119.8008,37.4378,1654.7486,"2003-06-10 00:00:00",3.00,0.00,3.00
325,0,4,164,74,430,3,45.4965,136.4895,"2003-05-27 00:00:00","OVERNIGHT J-FAST",21.95,1.29,"2003-06-05 00:00:00",1497.51,119.8008,37.4378,1654.7486,"2003-06-10 00:00:00",3.00,0.00,3.00
325,0,4,164,74,429,3,41.223,123.669,"2003-05-27 00:00:00","OVERNIGHT J-FAST",21.95,1.29,"2003-06-05 00:00:00",1497.51,119.8008,37.4378,1654.7486,"2003-06-10 00:00:00",3.00,0.00,3.00
325,0,4,164,74,428,3,43.323,129.969,"2003-05-27 00:00:00","OVERNIGHT J-FAST",21.95,1.29,"2003-06-05 00:00:00",1497.51,119.8008,37.4378,1654.7486,"2003-06-10 00:00:00",3.00,0.00,3.00
325,0,4,164,74,427,3,47.5965,142.7895,"2003-05-27 00:00:00","OVERNIGHT J-FAST",21.95,1.29,"2003-06-05 00:00:00",1497.51,119.8008,37.4378,1654.7486,"2003-06-10 00:00:00",3.00,0.00,3.00
325,0,4,164,74,426,3,43.323,129.969,"2003-05-27 00:00:00","OVERNIGHT J-FAST",21.95,1.29,"2003-06-05 00:00:00",1497.51,119.8008,37.4378,1654.7486,"2003-06-10 00:00:00",3.00,0.00,3.00
326,0,4,223,13,322,60,25.4205,1525.23,"2003-05-27 00:00:00","CARGO TRANSPORT 5",8.99,1.49,"2003-06-05 00:00:00",1796.0355,143.6828,44.9009,1984.6192,"2003-06-10 00:00:00",60.00,0.00,60.00
326,0,4,223,13,321,3,42.798,128.394,"2003-05-27 00:00:00","CARGO TRANSPORT 5",8.99,1.49,"2003-06-05 00:00:00",1796.0355,143.6828,44.9009,1984.6192,"2003-06-10 00:00:00",3.00,0.00,3.00
326,0,4,223,13,320,3,47.4705,142.4115,"2003-05-27 00:00:00","CARGO TRANSPORT 5",8.99,1.49,"2003-06-05 00:00:00",1796.0355,143.6828,44.9009,1984.6192,"2003-06-10 00:00:00",3.00,0.00,3.00
327,0,4,233,51,460,3,37.1805,111.5415,"2003-05-27 00:00:00","OVERNIGHT J-FAST",21.95,1.29,"2003-06-05 00:00:00",738.99,59.1192,18.4748,816.584,"2003-06-10 00:00:00",3.00,0.00,3.00
327,0,4,233,51,459,3,39.2805,117.8415,"2003-05-27 00:00:00","OVERNIGHT J-FAST",21.95,1.29,"2003-06-05 00:00:00",738.99,59.1192,18.4748,816.584,"2003-06-10 00:00:00",3.00,0.00,3.00
327,0,4,233,51,458,3,43.554,130.662,"2003-05-27 00:00:00","OVERNIGHT J-FAST",21.95,1.29,"2003-06-05 00:00:00",738.99,59.1192,18.4748,816.584,"2003-06-10 00:00:00",3.00,0.00,3.00
327,0,4,233,51,457,3,39.2805,117.8415,"2003-05-27 00:00:00","OVERNIGHT J-FAST",21.95,1.29,"2003-06-05 00:00:00",738.99,59.1192,18.4748,816.584,"2003-06-10 00:00:00",3.00,0.00,3.00
327,0,4,233,51,456,3,41.3805,124.1415,"2003-05-27 00:00:00","OVERNIGHT J-FAST",21.95,1.29,"2003-06-05 00:00:00",738.99,59.1192,18.4748,816.584,"2003-06-10 00:00:00",3.00,0.00,3.00
327,0,4,233,51,455,3,45.654,136.962,"2003-05-27 00:00:00","OVERNIGHT J-FAST",21.95,1.29,"2003-06-05 00:00:00",738.99,59.1192,18.4748,816.584,"2003-06-10 00:00:00",3.00,0.00,3.00
328,2,4,238,80,941,550,62.9895,34644.225,"2003-05-27 00:00:00","CARGO TRANSPORT 5",8.99,1.49,"2003-06-05 00:00:00",34644.225,2771.538,866.1056,38281.8686,"2003-06-10 00:00:00",550.00,0.00,550.00
329,0,4,261,47,322,60,26.3655,1581.93,"2003-05-27 00:00:00","OVERNIGHT J-FAST",21.95,1.29,"2003-06-05 00:00:00",1839.5055,147.1604,45.9876,2032.6535,"2003-06-10 00:00:00",60.00,0.00,60.00
329,0,4,261,47,321,3,40.488,121.464,"2003-05-27 00:00:00","OVERNIGHT J-FAST",21.95,1.29,"2003-06-05 00:00:00",1839.5055,147.1604,45.9876,2032.6535,"2003-06-10 00:00:00",3.00,0.00,3.00
329,0,4,261,47,320,3,45.3705,136.1115,"2003-05-27 00:00:00","OVERNIGHT J-FAST",21.95,1.29,"2003-06-05 00:00:00",1839.5055,147.1604,45.9876,2032.6535,"2003-06-10 00:00:00",3.00,0.00,3.00
330,1,4,264,81,504,3,48.762,146.286,"2003-05-27 00:00:00","CARGO TRANSPORT 5",8.99,1.49,"2003-06-05 00:00:00",146.286,11.7029,3.6572,161.6461,"2003-06-10 00:00:00",3.00,0.00,3.00
331,0,4,244,46,497,3,34.188,102.564,"2003-05-27 00:00:00","CARGO TRANSPORT 5",8.99,1.49,"2003-06-05 00:00:00",102.564,8.2051,2.5641,113.3332,"2003-06-10 00:00:00",3.00,0.00,3.00
332,0,4,231,21,323,3,50.2635,150.7905,"2003-05-27 00:00:00","CARGO TRANSPORT 5",8.99,1.49,"2003-06-05 00:00:00",150.7905,12.0632,3.7698,166.6235,"2003-06-10 00:00:00",3.00,0.00,3.00
333,0,4,241,27,524,550,14.1225,7767.375,"2003-05-27 00:00:00","CARGO TRANSPORT 5",8.99,1.49,"2003-06-05 00:00:00",13669.425,1093.554,341.7356,15104.7146,"2003-06-10 00:00:00",550.00,0.00,550.00
333,0,4,241,27,523,550,10.731,5902.05,"2003-05-27 00:00:00","CARGO TRANSPORT 5",8.99,1.49,"2003-06-05 00:00:00",13669.425,1093.554,341.7356,15104.7146,"2003-06-10 00:00:00",550.00,0.00,550.00
334,0,3,266,86,493,60,57.1515,3429.09,"2003-05-27 00:00:00","CARGO TRANSPORT 5",8.99,1.49,"2003-06-05 00:00:00",6444.9,515.592,161.1225,7121.6145,"2003-06-10 00:00:00",60.00,60.00,0.00
334,0,3,266,86,492,60,50.2635,3015.81,"2003-05-27 00:00:00","CARGO TRANSPORT 5",8.99,1.49,"2003-06-05 00:00:00",6444.9,515.592,161.1225,7121.6145,"2003-06-10 00:00:00",60.00,60.00,0.00
335,2,4,164,45,916,550,40.9395,22516.725,"2003-05-27 00:00:00","ZY - EXPRESS",9.95,1.99,"2003-06-05 00:00:00",152581.275,12206.502,3814.5319,168602.3089,"2003-06-10 00:00:00",550.00,0.00,550.00
335,2,4,164,45,915,550,30.4395,16741.725,"2003-05-27 00:00:00","ZY - EXPRESS",9.95,1.99,"2003-06-05 00:00:00",152581.275,12206.502,3814.5319,168602.3089,"2003-06-10 00:00:00",550.00,0.00,550.00
335,2,4,164,45,914,550,21.0945,11601.975,"2003-05-27 00:00:00","ZY - EXPRESS",9.95,1.99,"2003-06-05 00:00:00",152581.275,12206.502,3814.5319,168602.3089,"2003-06-10 00:00:00",550.00,0.00,550.00
335,2,4,164,45,913,550,40.9395,22516.725,"2003-05-27 00:00:00","ZY - EXPRESS",9.95,1.99,"2003-06-05 00:00:00",152581.275,12206.502,3814.5319,168602.3089,"2003-06-10 00:00:00",550.00,0.00,550.00
335,2,4,164,45,912,550,30.4395,16741.725,"2003-05-27 00:00:00","ZY - EXPRESS",9.95,1.99,"2003-06-05 00:00:00",152581.275,12206.502,3814.5319,168602.3089,"2003-06-10 00:00:00",550.00,0.00,550.00
335,2,4,164,45,911,550,21.0945,11601.975,"2003-05-27 00:00:00","ZY - EXPRESS",9.95,1.99,"2003-06-05 00:00:00",152581.275,12206.502,3814.5319,168602.3089,"2003-06-10 00:00:00",550.00,0.00,550.00
335,2,4,164,45,910,550,40.9395,22516.725,"2003-05-27 00:00:00","ZY - EXPRESS",9.95,1.99,"2003-06-05 00:00:00",152581.275,12206.502,3814.5319,168602.3089,"2003-06-10 00:00:00",550.00,0.00,550.00
335,2,4,164,45,909,550,30.4395,16741.725,"2003-05-27 00:00:00","ZY - EXPRESS",9.95,1.99,"2003-06-05 00:00:00",152581.275,12206.502,3814.5319,168602.3089,"2003-06-10 00:00:00",523.00,0.00,523.00
335,2,4,164,45,908,550,21.0945,11601.975,"2003-05-27 00:00:00","ZY - EXPRESS",9.95,1.99,"2003-06-05 00:00:00",152581.275,12206.502,3814.5319,168602.3089,"2003-06-10 00:00:00",550.00,0.00,550.00
336,1,4,223,93,506,60,9.198,551.88,"2003-05-27 00:00:00","XRQ - TRUCK GROUND",3.95,0.99,"2003-06-05 00:00:00",551.88,44.1504,13.797,609.8274,"2003-06-10 00:00:00",51.00,0.00,51.00
337,0,4,233,64,679,550,5.775,3176.25,"2003-06-10 00:00:00","XRQ - TRUCK GROUND",3.95,0.99,"2003-06-19 00:00:00",6987.75,559.02,174.6938,7721.4638,"2003-06-24 00:00:00",550.00,0.00,550.00
337,0,4,233,64,352,550,1.155,635.25,"2003-06-10 00:00:00","XRQ - TRUCK GROUND",3.95,0.99,"2003-06-19 00:00:00",6987.75,559.02,174.6938,7721.4638,"2003-06-24 00:00:00",550.00,0.00,550.00
337,0,4,233,64,351,550,5.775,3176.25,"2003-06-10 00:00:00","XRQ - TRUCK GROUND",3.95,0.99,"2003-06-19 00:00:00",6987.75,559.02,174.6938,7721.4638,"2003-06-24 00:00:00",550.00,0.00,550.00
338,0,4,238,4,508,550,27.6465,15205.575,"2003-06-10 00:00:00","ZY - EXPRESS",9.95,1.99,"2003-06-19 00:00:00",28072.275,2245.782,701.8069,31019.8639,"2003-06-24 00:00:00",550.00,0.00,550.00
338,0,4,238,4,507,550,23.394,12866.7,"2003-06-10 00:00:00","ZY - EXPRESS",9.95,1.99,"2003-06-19 00:00:00",28072.275,2245.782,701.8069,31019.8639,"2003-06-24 00:00:00",550.00,0.00,550.00
339,0,4,198,17,535,550,3.486,1917.3,"2003-06-10 00:00:00","XRQ - TRUCK GROUND",3.95,0.99,"2003-06-19 00:00:00",37312.275,2984.982,932.8069,41230.0639,"2003-06-24 00:00:00",550.00,0.00,550.00
339,0,4,198,17,940,550,62.9895,34644.225,"2003-06-10 00:00:00","XRQ - TRUCK GROUND",3.95,0.99,"2003-06-19 00:00:00",37312.275,2984.982,932.8069,41230.0639,"2003-06-24 00:00:00",550.00,0.00,550.00
339,0,4,198,17,355,550,1.365,750.75,"2003-06-10 00:00:00","XRQ - TRUCK GROUND",3.95,0.99,"2003-06-19 00:00:00",37312.275,2984.982,932.8069,41230.0639,"2003-06-24 00:00:00",550.00,0.00,550.00
340,0,4,264,12,679,550,6.195,3407.25,"2003-06-10 00:00:00","XRQ - TRUCK GROUND",3.95,0.99,"2003-06-19 00:00:00",7623,609.84,190.575,8423.415,"2003-06-24 00:00:00",550.00,0.00,550.00
340,0,4,264,12,352,550,1.47,808.5,"2003-06-10 00:00:00","XRQ - TRUCK GROUND",3.95,0.99,"2003-06-19 00:00:00",7623,609.84,190.575,8423.415,"2003-06-24 00:00:00",550.00,55.00,495.00
340,0,4,264,12,351,550,6.195,3407.25,"2003-06-10 00:00:00","XRQ - TRUCK GROUND",3.95,0.99,"2003-06-19 00:00:00",7623,609.84,190.575,8423.415,"2003-06-24 00:00:00",550.00,0.00,550.00
341,0,4,244,44,508,550,29.2845,16106.475,"2003-06-10 00:00:00","ZY - EXPRESS",9.95,1.99,"2003-06-19 00:00:00",28297.5,2263.8,707.4375,31268.7375,"2003-06-24 00:00:00",550.00,0.00,550.00
341,0,4,244,44,507,550,22.1655,12191.025,"2003-06-10 00:00:00","ZY - EXPRESS",9.95,1.99,"2003-06-19 00:00:00",28297.5,2263.8,707.4375,31268.7375,"2003-06-24 00:00:00",550.00,0.00,550.00
342,0,4,231,30,491,3,19.9815,59.9445,"2003-06-10 00:00:00","ZY - EXPRESS",9.95,1.99,"2003-06-19 00:00:00",59.9445,4.7956,1.4986,66.2387,"2003-06-24 00:00:00",3.00,0.00,3.00
343,0,4,241,8,345,3,36.9705,110.9115,"2003-06-10 00:00:00","OVERNIGHT J-FAST",21.95,1.29,"2003-06-19 00:00:00",358.155,28.6524,8.9539,395.7613,"2003-06-24 00:00:00",3.00,0.00,3.00
343,0,4,241,8,344,3,39.0705,117.2115,"2003-06-10 00:00:00","OVERNIGHT J-FAST",21.95,1.29,"2003-06-19 00:00:00",358.155,28.6524,8.9539,395.7613,"2003-06-24 00:00:00",3.00,0.00,3.00
343,0,4,241,8,343,3,43.344,130.032,"2003-06-10 00:00:00","OVERNIGHT J-FAST",21.95,1.29,"2003-06-19 00:00:00",358.155,28.6524,8.9539,395.7613,"2003-06-24 00:00:00",3.00,0.00,3.00
344,0,3,266,73,936,550,48.2895,26559.225,"2003-06-10 00:00:00","CARGO TRANSPORT 5",8.99,1.49,"2003-06-19 00:00:00",43878.45,3510.276,1096.9613,48485.6873,"2003-06-24 00:00:00",550.00,550.00,0.00
344,0,3,266,73,935,550,31.4895,17319.225,"2003-06-10 00:00:00","CARGO TRANSPORT 5",8.99,1.49,"2003-06-19 00:00:00",43878.45,3510.276,1096.9613,48485.6873,"2003-06-24 00:00:00",550.00,550.00,0.00
345,0,4,274,76,397,3,47.544,142.632,"2003-06-15 00:00:00","CARGO TRANSPORT 5",8.99,1.49,"2003-06-24 00:00:00",414.918,33.1934,10.373,458.4844,"2003-06-29 00:00:00",3.00,0.00,3.00
345,0,4,274,76,396,3,43.2705,129.8115,"2003-06-15 00:00:00","CARGO TRANSPORT 5",8.99,1.49,"2003-06-24 00:00:00",414.918,33.1934,10.373,458.4844,"2003-06-29 00:00:00",3.00,0.00,3.00
345,0,4,274,76,395,3,47.4915,142.4745,"2003-06-15 00:00:00","CARGO TRANSPORT 5",8.99,1.49,"2003-06-24 00:00:00",414.918,33.1934,10.373,458.4844,"2003-06-29 00:00:00",3.00,0.00,3.00
346,0,4,223,77,479,550,15.8865,8737.575,"2003-06-15 00:00:00","ZY - EXPRESS",9.95,1.99,"2003-06-24 00:00:00",29989.575,2399.166,749.7394,33138.4804,"2003-06-29 00:00:00",550.00,0.00,550.00
346,0,4,223,77,478,550,11.088,6098.4,"2003-06-15 00:00:00","ZY - EXPRESS",9.95,1.99,"2003-06-24 00:00:00",29989.575,2399.166,749.7394,33138.4804,"2003-06-29 00:00:00",550.00,0.00,550.00
346,0,4,223,77,477,550,11.6655,6416.025,"2003-06-15 00:00:00","ZY - EXPRESS",9.95,1.99,"2003-06-24 00:00:00",29989.575,2399.166,749.7394,33138.4804,"2003-06-29 00:00:00",550.00,0.00,550.00
346,0,4,223,77,476,550,15.8865,8737.575,"2003-06-15 00:00:00","ZY - EXPRESS",9.95,1.99,"2003-06-24 00:00:00",29989.575,2399.166,749.7394,33138.4804,"2003-06-29 00:00:00",468.00,0.00,468.00
347,0,4,233,28,402,3,47.4705,142.4115,"2003-06-15 00:00:00","CARGO TRANSPORT 5",8.99,1.49,"2003-06-24 00:00:00",142.4115,11.3929,3.5603,157.3647,"2003-06-29 00:00:00",3.00,0.00,3.00
348,0,4,238,2,512,550,34.9755,19236.525,"2003-06-15 00:00:00","ZY - EXPRESS",9.95,1.99,"2003-06-24 00:00:00",48030.675,3842.454,1200.7669,53073.8959,"2003-06-29 00:00:00",550.00,0.00,550.00
348,0,4,238,2,511,550,29.274,16100.7,"2003-06-15 00:00:00","ZY - EXPRESS",9.95,1.99,"2003-06-24 00:00:00",48030.675,3842.454,1200.7669,53073.8959,"2003-06-29 00:00:00",550.00,0.00,550.00
348,0,4,238,2,510,550,23.079,12693.45,"2003-06-15 00:00:00","ZY - EXPRESS",9.95,1.99,"2003-06-24 00:00:00",48030.675,3842.454,1200.7669,53073.8959,"2003-06-29 00:00:00",550.00,0.00,550.00
349,0,4,261,87,407,3,47.544,142.632,"2003-06-23 00:00:00","OVERNIGHT J-FAST",21.95,1.29,"2003-07-02 00:00:00",693.5985,55.4879,17.34,766.4264,"2003-07-07 00:00:00",3.00,0.00,3.00
349,0,4,261,87,406,3,43.2705,129.8115,"2003-06-23 00:00:00","OVERNIGHT J-FAST",21.95,1.29,"2003-07-02 00:00:00",693.5985,55.4879,17.34,766.4264,"2003-07-07 00:00:00",3.00,0.00,3.00
349,0,4,261,87,405,3,45.3705,136.1115,"2003-06-23 00:00:00","OVERNIGHT J-FAST",21.95,1.29,"2003-07-02 00:00:00",693.5985,55.4879,17.34,766.4264,"2003-07-07 00:00:00",3.00,0.00,3.00
349,0,4,261,87,404,3,49.644,148.932,"2003-06-23 00:00:00","OVERNIGHT J-FAST",21.95,1.29,"2003-07-02 00:00:00",693.5985,55.4879,17.34,766.4264,"2003-07-07 00:00:00",3.00,0.00,3.00
349,0,4,261,87,403,3,45.3705,136.1115,"2003-06-23 00:00:00","OVERNIGHT J-FAST",21.95,1.29,"2003-07-02 00:00:00",693.5985,55.4879,17.34,766.4264,"2003-07-07 00:00:00",3.00,0.00,3.00
350,0,4,264,31,525,550,2.3205,1276.275,"2003-06-23 00:00:00","XRQ - TRUCK GROUND",3.95,0.99,"2003-07-02 00:00:00",1276.275,102.102,31.9069,1410.2839,"2003-07-07 00:00:00",550.00,0.00,550.00
351,0,4,244,26,526,550,3.6435,2003.925,"2003-06-23 00:00:00","XRQ - TRUCK GROUND",3.95,0.99,"2003-07-02 00:00:00",2003.925,160.314,50.0981,2214.3371,"2003-07-07 00:00:00",550.00,0.00,550.00
352,0,4,231,24,909,550,30.4395,16741.725,"2003-06-23 00:00:00","ZY - EXPRESS",9.95,1.99,"2003-07-02 00:00:00",28343.7,2267.496,708.5925,31319.7885,"2003-07-07 00:00:00",550.00,0.00,550.00
352,0,4,231,24,908,550,21.0945,11601.975,"2003-06-23 00:00:00","ZY - EXPRESS",9.95,1.99,"2003-07-02 00:00:00",28343.7,2267.496,708.5925,31319.7885,"2003-07-07 00:00:00",550.00,82.00,468.00
353,0,4,198,48,357,60,3.9795,238.77,"2003-06-23 00:00:00","XRQ - TRUCK GROUND",3.95,0.99,"2003-07-02 00:00:00",454.86,36.3888,11.3715,502.6203,"2003-07-07 00:00:00",60.00,0.00,60.00
353,0,4,198,48,356,60,3.6015,216.09,"2003-06-23 00:00:00","XRQ - TRUCK GROUND",3.95,0.99,"2003-07-02 00:00:00",454.86,36.3888,11.3715,502.6203,"2003-07-07 00:00:00",60.00,0.00,60.00
354,0,3,266,88,936,550,48.2895,26559.225,"2003-06-23 00:00:00","CARGO TRANSPORT 5",8.99,1.49,"2003-07-02 00:00:00",43878.45,3510.276,1096.9613,48485.6873,"2003-07-07 00:00:00",550.00,550.00,0.00
354,0,3,266,88,935,550,31.4895,17319.225,"2003-06-23 00:00:00","CARGO TRANSPORT 5",8.99,1.49,"2003-07-02 00:00:00",43878.45,3510.276,1096.9613,48485.6873,"2003-07-07 00:00:00",550.00,550.00,0.00
355,0,4,164,96,524,550,12.9675,7132.125,"2003-06-23 00:00:00","ZY - EXPRESS",9.95,1.99,"2003-07-02 00:00:00",7132.125,570.57,178.3031,7880.9981,"2003-07-07 00:00:00",550.00,0.00,550.00
356,0,4,223,39,912,550,30.4395,16741.725,"2003-06-23 00:00:00","ZY - EXPRESS",9.95,1.99,"2003-07-02 00:00:00",28343.7,2267.496,708.5925,31319.7885,"2003-07-07 00:00:00",550.00,0.00,550.00
356,0,4,223,39,911,550,21.0945,11601.975,"2003-06-23 00:00:00","ZY - EXPRESS",9.95,1.99,"2003-07-02 00:00:00",28343.7,2267.496,708.5925,31319.7885,"2003-07-07 00:00:00",468.00,0.00,468.00
357,0,4,233,52,910,550,40.9395,22516.725,"2003-06-23 00:00:00","OVERNIGHT J-FAST",21.95,1.29,"2003-07-02 00:00:00",22516.725,1801.338,562.9181,24880.9811,"2003-07-07 00:00:00",550.00,0.00,550.00
358,0,4,238,43,937,550,62.9895,34644.225,"2003-06-23 00:00:00","CARGO TRANSPORT 5",8.99,1.49,"2003-07-02 00:00:00",34644.225,2771.538,866.1056,38281.8686,"2003-07-07 00:00:00",550.00,0.00,550.00
359,0,4,261,37,475,3,39.123,117.369,"2003-06-23 00:00:00","OVERNIGHT J-FAST",21.95,1.29,"2003-07-02 00:00:00",117.369,9.3895,2.9342,129.6927,"2003-07-07 00:00:00",3.00,0.00,3.00
360,0,4,264,1,462,3,47.6805,143.0415,"2003-06-23 00:00:00","CARGO TRANSPORT 5",8.99,1.49,"2003-07-02 00:00:00",143.0415,11.4433,3.576,158.0608,"2003-07-07 00:00:00",3.00,0.00,3.00
361,0,4,244,56,511,550,27.867,15326.85,"2003-06-23 00:00:00","ZY - EXPRESS",9.95,1.99,"2003-07-02 00:00:00",28199.325,2255.946,704.9831,31160.2541,"2003-07-07 00:00:00",550.00,0.00,550.00
361,0,4,244,56,510,550,23.4045,12872.475,"2003-06-23 00:00:00","ZY - EXPRESS",9.95,1.99,"2003-07-02 00:00:00",28199.325,2255.946,704.9831,31160.2541,"2003-07-07 00:00:00",550.00,0.00,550.00
362,0,4,231,60,527,550,6.7515,3713.325,"2003-06-23 00:00:00","XRQ - TRUCK GROUND",3.95,0.99,"2003-07-02 00:00:00",3713.325,297.066,92.8331,4103.2241,"2003-07-07 00:00:00",550.00,82.00,468.00
363,0,4,241,53,509,550,36.2775,19952.625,"2003-06-23 00:00:00","OVERNIGHT J-FAST",21.95,1.29,"2003-07-02 00:00:00",19952.625,1596.21,498.8156,22047.6506,"2003-07-07 00:00:00",550.00,0.00,550.00
364,0,3,266,10,493,60,58.2645,3495.87,"2003-06-23 00:00:00","CARGO TRANSPORT 5",8.99,1.49,"2003-07-02 00:00:00",6540.66,523.2528,163.5165,7227.4293,"2003-07-07 00:00:00",60.00,60.00,0.00
364,0,3,266,10,492,60,50.7465,3044.79,"2003-06-23 00:00:00","CARGO TRANSPORT 5",8.99,1.49,"2003-07-02 00:00:00",6540.66,523.2528,163.5165,7227.4293,"2003-07-07 00:00:00",60.00,60.00,0.00
365,0,4,164,66,523,550,10.3845,5711.475,"2003-06-24 00:00:00","CARGO TRANSPORT 5",8.99,1.49,"2003-07-03 00:00:00",5711.475,456.918,142.7869,6311.1799,"2003-07-08 00:00:00",550.00,0.00,550.00
366,0,4,223,68,425,3,45.5805,136.7415,"2003-06-24 00:00:00","CARGO TRANSPORT 5",8.99,1.49,"2003-07-03 00:00:00",566.0865,45.2869,14.1522,625.5256,"2003-07-08 00:00:00",3.00,0.00,3.00
366,0,4,223,68,424,3,49.854,149.562,"2003-06-24 00:00:00","CARGO TRANSPORT 5",8.99,1.49,"2003-07-03 00:00:00",566.0865,45.2869,14.1522,625.5256,"2003-07-08 00:00:00",3.00,0.00,3.00
366,0,4,223,68,423,3,45.5805,136.7415,"2003-06-24 00:00:00","CARGO TRANSPORT 5",8.99,1.49,"2003-07-03 00:00:00",566.0865,45.2869,14.1522,625.5256,"2003-07-08 00:00:00",3.00,0.00,3.00
366,0,4,223,68,422,3,47.6805,143.0415,"2003-06-24 00:00:00","CARGO TRANSPORT 5",8.99,1.49,"2003-07-03 00:00:00",566.0865,45.2869,14.1522,625.5256,"2003-07-08 00:00:00",3.00,0.00,3.00
367,0,4,233,61,491,3,19.9395,59.8185,"2003-06-24 00:00:00","ZY - EXPRESS",9.95,1.99,"2003-07-03 00:00:00",97.965,7.8372,2.4491,108.2513,"2003-07-08 00:00:00",3.00,0.00,3.00
367,0,4,233,61,490,3,12.7155,38.1465,"2003-06-24 00:00:00","ZY - EXPRESS",9.95,1.99,"2003-07-03 00:00:00",97.965,7.8372,2.4491,108.2513,"2003-07-08 00:00:00",3.00,0.00,3.00
368,0,4,238,5,528,3,38.157,114.471,"2003-06-24 00:00:00","OVERNIGHT J-FAST",21.95,1.29,"2003-07-03 00:00:00",114.471,9.1577,2.8618,126.4905,"2003-07-08 00:00:00",3.00,0.00,3.00
369,0,4,261,58,505,3,44.2155,132.6465,"2003-06-24 00:00:00","OVERNIGHT J-FAST",21.95,1.29,"2003-07-03 00:00:00",132.6465,10.6117,3.3162,146.5744,"2003-07-08 00:00:00",3.00,0.00,3.00
370,0,4,264,35,939,550,48.2895,26559.225,"2003-06-24 00:00:00","CARGO TRANSPORT 5",8.99,1.49,"2003-07-03 00:00:00",43878.45,3510.276,1096.9613,48485.6873,"2003-07-08 00:00:00",550.00,55.00,495.00
370,0,4,264,35,938,550,31.4895,17319.225,"2003-06-24 00:00:00","CARGO TRANSPORT 5",8.99,1.49,"2003-07-03 00:00:00",43878.45,3510.276,1096.9613,48485.6873,"2003-07-08 00:00:00",550.00,0.00,550.00
371,0,4,244,103,358,60,6.9825,418.95,"2003-06-24 00:00:00","XRQ - TRUCK GROUND",3.95,0.99,"2003-07-03 00:00:00",418.95,33.516,10.4738,462.9398,"2003-07-08 00:00:00",60.00,0.00,60.00
372,0,4,231,7,381,3,39.0705,117.2115,"2003-06-24 00:00:00","OVERNIGHT J-FAST",21.95,1.29,"2003-07-03 00:00:00",240.723,19.2578,6.0181,265.9989,"2003-07-08 00:00:00",3.00,0.00,3.00
372,0,4,231,7,380,3,41.1705,123.5115,"2003-06-24 00:00:00","OVERNIGHT J-FAST",21.95,1.29,"2003-07-03 00:00:00",240.723,19.2578,6.0181,265.9989,"2003-07-08 00:00:00",3.00,0.00,3.00
373,0,4,241,69,357,60,4.3155,258.93,"2003-06-24 00:00:00","XRQ - TRUCK GROUND",3.95,0.99,"2003-07-03 00:00:00",461.79,36.9432,11.5448,510.278,"2003-07-08 00:00:00",60.00,0.00,60.00
373,0,4,241,69,356,60,3.381,202.86,"2003-06-24 00:00:00","XRQ - TRUCK GROUND",3.95,0.99,"2003-07-03 00:00:00",461.79,36.9432,11.5448,510.278,"2003-07-08 00:00:00",60.00,0.00,60.00
374,0,3,266,23,376,3,41.1705,123.5115,"2003-06-24 00:00:00","OVERNIGHT J-FAST",21.95,1.29,"2003-07-03 00:00:00",253.323,20.2658,6.3331,279.9219,"2003-07-08 00:00:00",3.00,3.00,0.00
374,0,3,266,23,375,3,43.2705,129.8115,"2003-06-24 00:00:00","OVERNIGHT J-FAST",21.95,1.29,"2003-07-03 00:00:00",253.323,20.2658,6.3331,279.9219,"2003-07-08 00:00:00",3.00,3.00,0.00
375,0,4,164,75,490,3,12.3585,37.0755,"2003-06-24 00:00:00","ZY - EXPRESS",9.95,1.99,"2003-07-03 00:00:00",37.0755,2.966,0.9269,40.9684,"2003-07-08 00:00:00",3.00,0.00,3.00
376,0,4,223,3,513,550,39.1965,21558.075,"2003-06-24 00:00:00","OVERNIGHT J-FAST",21.95,1.29,"2003-07-03 00:00:00",21558.075,1724.646,538.9519,23821.6729,"2003-07-08 00:00:00",468.00,0.00,468.00
377,1,4,198,54,421,3,45.549,136.647,"2003-06-24 00:00:00","OVERNIGHT J-FAST",21.95,1.29,"2003-07-03 00:00:00",260.4735,20.8379,6.5118,287.8232,"2003-07-08 00:00:00",3.00,0.00,3.00
377,1,4,198,54,420,3,41.2755,123.8265,"2003-06-24 00:00:00","OVERNIGHT J-FAST",21.95,1.29,"2003-07-03 00:00:00",260.4735,20.8379,6.5118,287.8232,"2003-07-08 00:00:00",3.00,0.00,3.00
378,0,4,238,104,934,550,38.1465,20980.575,"2003-06-24 00:00:00","CARGO TRANSPORT 5",8.99,1.49,"2003-07-03 00:00:00",86220.75,6897.66,2155.5188,95273.9288,"2003-07-08 00:00:00",550.00,0.00,550.00
378,0,4,238,104,933,550,43.9845,24191.475,"2003-06-24 00:00:00","CARGO TRANSPORT 5",8.99,1.49,"2003-07-03 00:00:00",86220.75,6897.66,2155.5188,95273.9288,"2003-07-08 00:00:00",550.00,0.00,550.00
378,0,4,238,104,932,550,39.7635,21869.925,"2003-06-24 00:00:00","CARGO TRANSPORT 5",8.99,1.49,"2003-07-03 00:00:00",86220.75,6897.66,2155.5188,95273.9288,"2003-07-08 00:00:00",550.00,0.00,550.00
378,0,4,238,104,931,550,34.8705,19178.775,"2003-06-24 00:00:00","CARGO TRANSPORT 5",8.99,1.49,"2003-07-03 00:00:00",86220.75,6897.66,2155.5188,95273.9288,"2003-07-08 00:00:00",550.00,0.00,550.00
379,0,4,261,25,437,3,37.1805,111.5415,"2003-06-24 00:00:00","OVERNIGHT J-FAST",21.95,1.29,"2003-07-03 00:00:00",465.2865,37.2229,11.6322,514.1416,"2003-07-08 00:00:00",3.00,0.00,3.00
379,0,4,261,25,436,3,41.454,124.362,"2003-06-24 00:00:00","OVERNIGHT J-FAST",21.95,1.29,"2003-07-03 00:00:00",465.2865,37.2229,11.6322,514.1416,"2003-07-08 00:00:00",3.00,0.00,3.00
379,0,4,261,25,435,3,37.1805,111.5415,"2003-06-24 00:00:00","OVERNIGHT J-FAST",21.95,1.29,"2003-07-03 00:00:00",465.2865,37.2229,11.6322,514.1416,"2003-07-08 00:00:00",3.00,0.00,3.00
379,0,4,261,25,434,3,39.2805,117.8415,"2003-06-24 00:00:00","OVERNIGHT J-FAST",21.95,1.29,"2003-07-03 00:00:00",465.2865,37.2229,11.6322,514.1416,"2003-07-08 00:00:00",3.00,0.00,3.00
380,0,4,264,90,343,3,49.749,149.247,"2003-06-24 00:00:00","CARGO TRANSPORT 5",8.99,1.49,"2003-07-03 00:00:00",428.4,34.272,10.71,473.382,"2003-07-08 00:00:00",3.00,0.00,3.00
380,0,4,264,90,342,3,45.4755,136.4265,"2003-06-24 00:00:00","CARGO TRANSPORT 5",8.99,1.49,"2003-07-03 00:00:00",428.4,34.272,10.71,473.382,"2003-07-08 00:00:00",3.00,0.00,3.00
380,0,4,264,90,341,3,47.5755,142.7265,"2003-06-24 00:00:00","CARGO TRANSPORT 5",8.99,1.49,"2003-07-03 00:00:00",428.4,34.272,10.71,473.382,"2003-07-08 00:00:00",3.00,0.00,3.00
381,0,4,244,33,932,550,39.2385,21581.175,"2003-06-30 00:00:00","CARGO TRANSPORT 5",8.99,1.49,"2003-07-09 00:00:00",40471.2,3237.696,1011.78,44720.676,"2003-07-14 00:00:00",550.00,0.00,550.00
381,0,4,244,33,931,550,34.3455,18890.025,"2003-06-30 00:00:00","CARGO TRANSPORT 5",8.99,1.49,"2003-07-09 00:00:00",40471.2,3237.696,1011.78,44720.676,"2003-07-14 00:00:00",550.00,0.00,550.00
382,0,4,231,41,347,3,43.2705,129.8115,"2003-06-30 00:00:00","CARGO TRANSPORT 5",8.99,1.49,"2003-07-09 00:00:00",272.4435,21.7955,6.8111,301.0501,"2003-07-14 00:00:00",3.00,0.00,3.00
382,0,4,231,41,346,3,47.544,142.632,"2003-06-30 00:00:00","CARGO TRANSPORT 5",8.99,1.49,"2003-07-09 00:00:00",272.4435,21.7955,6.8111,301.0501,"2003-07-14 00:00:00",3.00,0.00,3.00
383,0,4,241,55,930,550,43.0395,23671.725,"2003-06-30 00:00:00","OVERNIGHT J-FAST",21.95,1.29,"2003-07-09 00:00:00",23671.725,1893.738,591.7931,26157.2561,"2003-07-14 00:00:00",550.00,0.00,550.00
384,0,3,266,70,332,550,10.815,5948.25,"2003-06-30 00:00:00","CARGO TRANSPORT 5",8.99,1.49,"2003-07-09 00:00:00",5948.25,475.86,148.7063,6572.8163,"2003-07-14 00:00:00",550.00,550.00,0.00
385,0,4,164,94,907,550,82.8345,45558.975,"2003-06-30 00:00:00","CARGO TRANSPORT 5",8.99,1.49,"2003-07-09 00:00:00",91117.95,7289.436,2277.9488,100685.3348,"2003-07-14 00:00:00",523.00,0.00,523.00
385,0,4,164,94,948,550,82.8345,45558.975,"2003-06-30 00:00:00","CARGO TRANSPORT 5",8.99,1.49,"2003-07-09 00:00:00",91117.95,7289.436,2277.9488,100685.3348,"2003-07-14 00:00:00",550.00,0.00,550.00
386,0,4,223,15,326,1250,0.21,262.5,"2003-06-30 00:00:00","XRQ - TRUCK GROUND",3.95,0.99,"2003-07-09 00:00:00",525,42,13.125,580.125,"2003-07-14 00:00:00",1250.00,0.00,1250.00
386,0,4,223,15,325,1250,0.21,262.5,"2003-06-30 00:00:00","XRQ - TRUCK GROUND",3.95,0.99,"2003-07-09 00:00:00",525,42,13.125,580.125,"2003-07-14 00:00:00",1063.00,0.00,1063.00
387,0,4,233,62,322,60,28.6965,1721.79,"2003-06-30 00:00:00","CARGO TRANSPORT 5",8.99,1.49,"2003-07-09 00:00:00",2003.6835,160.2947,50.0921,2214.0703,"2003-07-14 00:00:00",60.00,0.00,60.00
387,0,4,233,62,321,3,44.3205,132.9615,"2003-06-30 00:00:00","CARGO TRANSPORT 5",8.99,1.49,"2003-07-09 00:00:00",2003.6835,160.2947,50.0921,2214.0703,"2003-07-14 00:00:00",3.00,0.00,3.00
387,0,4,233,62,320,3,49.644,148.932,"2003-06-30 00:00:00","CARGO TRANSPORT 5",8.99,1.49,"2003-07-09 00:00:00",2003.6835,160.2947,50.0921,2214.0703,"2003-07-14 00:00:00",3.00,0.00,3.00
388,0,4,198,98,921,550,5.586,3072.3,"2003-06-30 00:00:00","OVERNIGHT J-FAST",21.95,1.29,"2003-07-09 00:00:00",26455.275,2116.422,661.3819,29233.0789,"2003-07-14 00:00:00",550.00,0.00,550.00
388,0,4,198,98,930,550,42.5145,23382.975,"2003-06-30 00:00:00","OVERNIGHT J-FAST",21.95,1.29,"2003-07-09 00:00:00",26455.275,2116.422,661.3819,29233.0789,"2003-07-14 00:00:00",550.00,0.00,550.00
389,0,4,261,72,952,60,15.7395,944.37,"2003-06-30 00:00:00","ZY - EXPRESS",9.95,1.99,"2003-07-09 00:00:00",944.37,75.5496,23.6093,1043.5289,"2003-07-14 00:00:00",60.00,0.00,60.00
390,0,4,264,22,922,550,6.531,3592.05,"2003-06-30 00:00:00","OVERNIGHT J-FAST",21.95,1.29,"2003-07-09 00:00:00",48186.6,3854.928,1204.665,53246.193,"2003-07-14 00:00:00",550.00,0.00,550.00
390,0,4,264,22,934,550,37.6215,20691.825,"2003-06-30 00:00:00","OVERNIGHT J-FAST",21.95,1.29,"2003-07-09 00:00:00",48186.6,3854.928,1204.665,53246.193,"2003-07-14 00:00:00",550.00,55.00,495.00
390,0,4,264,22,933,550,43.4595,23902.725,"2003-06-30 00:00:00","OVERNIGHT J-FAST",21.95,1.29,"2003-07-09 00:00:00",48186.6,3854.928,1204.665,53246.193,"2003-07-14 00:00:00",550.00,0.00,550.00
391,0,4,244,50,319,550,48.5835,26720.925,"2003-06-30 00:00:00","CARGO TRANSPORT 5",8.99,1.49,"2003-07-09 00:00:00",26720.925,2137.674,668.0231,29526.6221,"2003-07-14 00:00:00",550.00,0.00,550.00
392,0,4,274,71,929,550,36.561,20108.55,"2003-06-30 00:00:00","CARGO TRANSPORT 5",8.99,1.49,"2003-07-09 00:00:00",37843.575,3027.486,946.0894,41817.1504,"2003-07-14 00:00:00",550.00,0.00,550.00
392,0,4,274,71,928,550,32.2455,17735.025,"2003-06-30 00:00:00","CARGO TRANSPORT 5",8.99,1.49,"2003-07-09 00:00:00",37843.575,3027.486,946.0894,41817.1504,"2003-07-14 00:00:00",550.00,82.00,468.00
393,0,4,241,40,319,550,46.4205,25531.275,"2003-07-13 00:00:00","OVERNIGHT J-FAST",21.95,1.29,"2003-07-22 00:00:00",25531.275,2042.502,638.2819,28212.0589,"2003-07-27 00:00:00",550.00,0.00,550.00
394,0,3,266,91,360,3,45.423,136.269,"2003-07-13 00:00:00","CARGO TRANSPORT 5",8.99,1.49,"2003-07-22 00:00:00",278.838,22.307,6.971,308.116,"2003-07-27 00:00:00",3.00,3.00,0.00
394,0,3,266,91,359,3,47.523,142.569,"2003-07-13 00:00:00","CARGO TRANSPORT 5",8.99,1.49,"2003-07-22 00:00:00",278.838,22.307,6.971,308.116,"2003-07-27 00:00:00",3.00,3.00,0.00
395,0,4,164,57,2,3,41.916,125.748,"2003-07-13 00:00:00","OVERNIGHT J-FAST",21.95,1.29,"2003-07-22 00:00:00",125.748,10.0598,3.1437,138.9515,"2003-07-27 00:00:00",3.00,0.00,3.00
396,0,4,223,83,1,3,50.2635,150.7905,"2003-07-13 00:00:00","CARGO TRANSPORT 5",8.99,1.49,"2003-07-22 00:00:00",150.7905,12.0632,3.7698,166.6235,"2003-07-27 00:00:00",3.00,0.00,3.00
397,0,4,233,32,364,3,47.754,143.262,"2003-07-27 00:00:00","CARGO TRANSPORT 5",8.99,1.49,"2003-08-05 00:00:00",839.79,67.1832,20.9948,927.968,"2003-08-10 00:00:00",3.00,0.00,3.00
397,0,4,233,32,363,3,43.4805,130.4415,"2003-07-27 00:00:00","CARGO TRANSPORT 5",8.99,1.49,"2003-08-05 00:00:00",839.79,67.1832,20.9948,927.968,"2003-08-10 00:00:00",3.00,0.00,3.00
397,0,4,233,32,362,3,45.5805,136.7415,"2003-07-27 00:00:00","CARGO TRANSPORT 5",8.99,1.49,"2003-08-05 00:00:00",839.79,67.1832,20.9948,927.968,"2003-08-10 00:00:00",3.00,0.00,3.00
397,0,4,233,32,361,3,49.854,149.562,"2003-07-27 00:00:00","CARGO TRANSPORT 5",8.99,1.49,"2003-08-05 00:00:00",839.79,67.1832,20.9948,927.968,"2003-08-10 00:00:00",3.00,0.00,3.00
397,0,4,233,32,360,3,45.5805,136.7415,"2003-07-27 00:00:00","CARGO TRANSPORT 5",8.99,1.49,"2003-08-05 00:00:00",839.79,67.1832,20.9948,927.968,"2003-08-10 00:00:00",3.00,0.00,3.00
397,0,4,233,32,359,3,47.6805,143.0415,"2003-07-27 00:00:00","CARGO TRANSPORT 5",8.99,1.49,"2003-08-05 00:00:00",839.79,67.1832,20.9948,927.968,"2003-08-10 00:00:00",3.00,0.00,3.00
398,0,4,238,38,530,550,16.086,8847.3,"2003-07-27 00:00:00","ZY - EXPRESS",9.95,1.99,"2003-08-05 00:00:00",8847.3,707.784,221.1825,9776.2665,"2003-08-10 00:00:00",550.00,0.00,550.00
399,0,4,261,85,4,3,57.0255,171.0765,"2003-07-27 00:00:00","CARGO TRANSPORT 5",8.99,1.49,"2003-08-05 00:00:00",171.0765,13.6861,4.2769,189.0395,"2003-08-10 00:00:00",3.00,0.00,3.00
400,0,4,264,92,512,550,37.086,20397.3,"2003-07-27 00:00:00","OVERNIGHT J-FAST",21.95,1.29,"2003-08-05 00:00:00",20397.3,1631.784,509.9325,22539.0165,"2003-08-10 00:00:00",550.00,0.00,550.00
401,0,4,244,11,513,550,26.5965,14628.075,"2003-07-27 00:00:00","OVERSEAS - DELUXE",29.95,2.99,"2003-08-05 00:00:00",14628.075,1170.246,365.7019,16164.0229,"2003-08-10 00:00:00",550.00,0.00,550.00
402,2,4,231,84,318,550,33.579,18468.45,"2003-07-27 00:00:00","OVERSEAS - DELUXE",29.95,2.99,"2003-08-05 00:00:00",33350.625,2668.05,833.7656,36852.4406,"2003-08-10 00:00:00",550.00,0.00,550.00
402,2,4,231,84,317,550,27.0585,14882.175,"2003-07-27 00:00:00","OVERSEAS - DELUXE",29.95,2.99,"2003-08-05 00:00:00",33350.625,2668.05,833.7656,36852.4406,"2003-08-10 00:00:00",550.00,82.00,468.00
403,0,4,241,78,407,3,43.2705,129.8115,"2003-07-27 00:00:00","CARGO TRANSPORT 5",8.99,1.49,"2003-08-05 00:00:00",414.855,33.1884,10.3714,458.4148,"2003-08-10 00:00:00",3.00,0.00,3.00
403,0,4,241,78,406,3,45.3705,136.1115,"2003-07-27 00:00:00","CARGO TRANSPORT 5",8.99,1.49,"2003-08-05 00:00:00",414.855,33.1884,10.3714,458.4148,"2003-08-10 00:00:00",3.00,0.00,3.00
403,0,4,241,78,405,3,49.644,148.932,"2003-07-27 00:00:00","CARGO TRANSPORT 5",8.99,1.49,"2003-08-05 00:00:00",414.855,33.1884,10.3714,458.4148,"2003-08-10 00:00:00",3.00,0.00,3.00
404,0,3,266,74,423,3,45.423,136.269,"2003-07-27 00:00:00","CARGO TRANSPORT 5",8.99,1.49,"2003-08-05 00:00:00",278.838,22.307,6.971,308.116,"2003-08-10 00:00:00",3.00,3.00,0.00
404,0,3,266,74,422,3,47.523,142.569,"2003-07-27 00:00:00","CARGO TRANSPORT 5",8.99,1.49,"2003-08-05 00:00:00",278.838,22.307,6.971,308.116,"2003-08-10 00:00:00",3.00,3.00,0.00
405,0,4,164,13,322,60,25.4205,1525.23,"2003-08-13 00:00:00","CARGO TRANSPORT 5",8.99,1.49,"2003-08-22 00:00:00",1796.0355,143.6828,44.9009,1984.6192,"2003-08-27 00:00:00",60.00,0.00,60.00
405,0,4,164,13,321,3,42.798,128.394,"2003-08-13 00:00:00","CARGO TRANSPORT 5",8.99,1.49,"2003-08-22 00:00:00",1796.0355,143.6828,44.9009,1984.6192,"2003-08-27 00:00:00",3.00,0.00,3.00
405,0,4,164,13,320,3,47.4705,142.4115,"2003-08-13 00:00:00","CARGO TRANSPORT 5",8.99,1.49,"2003-08-22 00:00:00",1796.0355,143.6828,44.9009,1984.6192,"2003-08-27 00:00:00",3.00,0.00,3.00
406,0,4,223,51,461,3,41.454,124.362,"2003-08-13 00:00:00","OVERNIGHT J-FAST",21.95,1.29,"2003-08-22 00:00:00",124.362,9.949,3.1091,137.4201,"2003-08-27 00:00:00",3.00,0.00,3.00
407,0,4,233,80,941,550,62.9895,34644.225,"2003-08-13 00:00:00","CARGO TRANSPORT 5",8.99,1.49,"2003-08-22 00:00:00",34644.225,2771.538,866.1056,38281.8686,"2003-08-27 00:00:00",550.00,0.00,550.00
408,0,4,238,47,322,60,26.3655,1581.93,"2003-08-13 00:00:00","OVERNIGHT J-FAST",21.95,1.29,"2003-08-22 00:00:00",1839.5055,147.1604,45.9876,2032.6535,"2003-08-27 00:00:00",60.00,0.00,60.00
408,0,4,238,47,321,3,40.488,121.464,"2003-08-13 00:00:00","OVERNIGHT J-FAST",21.95,1.29,"2003-08-22 00:00:00",1839.5055,147.1604,45.9876,2032.6535,"2003-08-27 00:00:00",3.00,0.00,3.00
408,0,4,238,47,320,3,45.3705,136.1115,"2003-08-13 00:00:00","OVERNIGHT J-FAST",21.95,1.29,"2003-08-22 00:00:00",1839.5055,147.1604,45.9876,2032.6535,"2003-08-27 00:00:00",3.00,0.00,3.00
409,0,4,261,81,504,3,48.762,146.286,"2003-08-23 00:00:00","CARGO TRANSPORT 5",8.99,1.49,"2003-09-01 00:00:00",146.286,11.7029,3.6572,161.6461,"2003-09-06 00:00:00",3.00,0.00,3.00
410,0,4,274,46,497,3,34.188,102.564,"2003-08-23 00:00:00","CARGO TRANSPORT 5",8.99,1.49,"2003-09-01 00:00:00",102.564,8.2051,2.5641,113.3332,"2003-09-06 00:00:00",3.00,0.00,3.00
411,0,4,244,21,323,3,50.2635,150.7905,"2003-08-23 00:00:00","CARGO TRANSPORT 5",8.99,1.49,"2003-09-01 00:00:00",150.7905,12.0632,3.7698,166.6235,"2003-09-06 00:00:00",3.00,0.00,3.00
412,0,4,231,27,524,550,14.1225,7767.375,"2003-08-23 00:00:00","CARGO TRANSPORT 5",8.99,1.49,"2003-09-01 00:00:00",13669.425,1093.554,341.7356,15104.7146,"2003-09-06 00:00:00",550.00,0.00,550.00
412,0,4,231,27,523,550,10.731,5902.05,"2003-08-23 00:00:00","CARGO TRANSPORT 5",8.99,1.49,"2003-09-01 00:00:00",13669.425,1093.554,341.7356,15104.7146,"2003-09-06 00:00:00",550.00,82.00,468.00
413,0,4,241,86,496,60,48.909,2934.54,"2003-08-31 00:00:00","CARGO TRANSPORT 5",8.99,1.49,"2003-09-09 00:00:00",9948.33,795.8664,248.7083,10992.9047,"2003-09-14 00:00:00",60.00,0.00,60.00
413,0,4,241,86,495,60,63.693,3821.58,"2003-08-31 00:00:00","CARGO TRANSPORT 5",8.99,1.49,"2003-09-09 00:00:00",9948.33,795.8664,248.7083,10992.9047,"2003-09-14 00:00:00",60.00,0.00,60.00
413,0,4,241,86,494,60,53.2035,3192.21,"2003-08-31 00:00:00","CARGO TRANSPORT 5",8.99,1.49,"2003-09-09 00:00:00",9948.33,795.8664,248.7083,10992.9047,"2003-09-14 00:00:00",60.00,0.00,60.00
414,2,3,266,45,909,550,30.4395,16741.725,"2003-08-31 00:00:00","ZY - EXPRESS",9.95,1.99,"2003-09-09 00:00:00",28343.7,2267.496,708.5925,31319.7885,"2003-09-14 00:00:00",550.00,550.00,0.00
414,2,3,266,45,908,550,21.0945,11601.975,"2003-08-31 00:00:00","ZY - EXPRESS",9.95,1.99,"2003-09-09 00:00:00",28343.7,2267.496,708.5925,31319.7885,"2003-09-14 00:00:00",550.00,550.00,0.00
415,0,4,164,93,506,60,9.198,551.88,"2003-08-31 00:00:00","XRQ - TRUCK GROUND",3.95,0.99,"2003-09-09 00:00:00",551.88,44.1504,13.797,609.8274,"2003-09-14 00:00:00",60.00,0.00,60.00
416,0,4,223,64,679,550,5.775,3176.25,"2003-08-31 00:00:00","XRQ - TRUCK GROUND",3.95,0.99,"2003-09-09 00:00:00",6987.75,559.02,174.6938,7721.4638,"2003-09-14 00:00:00",550.00,0.00,550.00
416,0,4,223,64,352,550,1.155,635.25,"2003-08-31 00:00:00","XRQ - TRUCK GROUND",3.95,0.99,"2003-09-09 00:00:00",6987.75,559.02,174.6938,7721.4638,"2003-09-14 00:00:00",550.00,0.00,550.00
416,0,4,223,64,351,550,5.775,3176.25,"2003-08-31 00:00:00","XRQ - TRUCK GROUND",3.95,0.99,"2003-09-09 00:00:00",6987.75,559.02,174.6938,7721.4638,"2003-09-14 00:00:00",468.00,0.00,468.00
417,0,4,261,62,322,60,28.6965,1721.79,"2003-09-05 00:00:00","CARGO TRANSPORT 5",8.99,1.49,"2003-09-14 00:00:00",2003.6835,160.2947,50.0921,2214.0703,"2003-09-19 00:00:00",60.00,0.00,60.00
417,0,4,261,62,321,3,44.3205,132.9615,"2003-09-05 00:00:00","CARGO TRANSPORT 5",8.99,1.49,"2003-09-14 00:00:00",2003.6835,160.2947,50.0921,2214.0703,"2003-09-19 00:00:00",3.00,0.00,3.00
417,0,4,261,62,320,3,49.644,148.932,"2003-09-05 00:00:00","CARGO TRANSPORT 5",8.99,1.49,"2003-09-14 00:00:00",2003.6835,160.2947,50.0921,2214.0703,"2003-09-19 00:00:00",3.00,0.00,3.00
418,0,4,264,98,921,550,5.586,3072.3,"2003-09-05 00:00:00","OVERNIGHT J-FAST",21.95,1.29,"2003-09-14 00:00:00",26455.275,2116.422,661.3819,29233.0789,"2003-09-19 00:00:00",550.00,0.00,550.00
418,0,4,264,98,930,550,42.5145,23382.975,"2003-09-05 00:00:00","OVERNIGHT J-FAST",21.95,1.29,"2003-09-14 00:00:00",26455.275,2116.422,661.3819,29233.0789,"2003-09-19 00:00:00",550.00,0.00,550.00
419,0,4,244,72,952,60,15.7395,944.37,"2003-09-05 00:00:00","ZY - EXPRESS",9.95,1.99,"2003-09-14 00:00:00",944.37,75.5496,23.6093,1043.5289,"2003-09-19 00:00:00",60.00,0.00,60.00
420,0,4,274,22,923,550,6.1845,3401.475,"2003-09-05 00:00:00","XRQ - TRUCK GROUND",3.95,0.99,"2003-09-14 00:00:00",3401.475,272.118,85.0369,3758.6299,"2003-09-19 00:00:00",550.00,0.00,550.00
421,0,4,241,50,319,550,48.5835,26720.925,"2003-09-05 00:00:00","OVERSEAS - DELUXE",29.95,2.99,"2003-09-14 00:00:00",62843.55,5027.484,1571.0888,69442.1228,"2003-09-19 00:00:00",550.00,27.00,523.00
421,0,4,241,50,318,550,36.099,19854.45,"2003-09-05 00:00:00","OVERSEAS - DELUXE",29.95,2.99,"2003-09-14 00:00:00",62843.55,5027.484,1571.0888,69442.1228,"2003-09-19 00:00:00",550.00,0.00,550.00
421,0,4,241,50,317,550,29.5785,16268.175,"2003-09-05 00:00:00","OVERSEAS - DELUXE",29.95,2.99,"2003-09-14 00:00:00",62843.55,5027.484,1571.0888,69442.1228,"2003-09-19 00:00:00",550.00,0.00,550.00
422,0,4,266,71,929,550,36.561,20108.55,"2003-09-05 00:00:00","CARGO TRANSPORT 5",8.99,1.49,"2003-09-14 00:00:00",37843.575,3027.486,946.0894,41817.1504,"2003-09-19 00:00:00",550.00,0.00,550.00
422,0,4,266,71,928,550,32.2455,17735.025,"2003-09-05 00:00:00","CARGO TRANSPORT 5",8.99,1.49,"2003-09-14 00:00:00",37843.575,3027.486,946.0894,41817.1504,"2003-09-19 00:00:00",550.00,82.00,468.00
423,0,4,164,40,319,550,46.4205,25531.275,"2003-09-05 00:00:00","OVERNIGHT J-FAST",21.95,1.29,"2003-09-14 00:00:00",25531.275,2042.502,638.2819,28212.0589,"2003-09-19 00:00:00",550.00,0.00,550.00
424,0,4,223,91,362,3,45.423,136.269,"2003-09-05 00:00:00","CARGO TRANSPORT 5",8.99,1.49,"2003-09-14 00:00:00",285.3585,22.8287,7.134,315.3212,"2003-09-19 00:00:00",3.00,0.00,3.00
424,0,4,223,91,361,3,49.6965,149.0895,"2003-09-05 00:00:00","CARGO TRANSPORT 5",8.99,1.49,"2003-09-14 00:00:00",285.3585,22.8287,7.134,315.3212,"2003-09-19 00:00:00",3.00,0.00,3.00
425,0,4,233,57,2,3,41.916,125.748,"2003-09-05 00:00:00","OVERNIGHT J-FAST",21.95,1.29,"2003-09-14 00:00:00",125.748,10.0598,3.1437,138.9515,"2003-09-19 00:00:00",3.00,0.00,3.00
426,0,4,238,83,1,3,50.2635,150.7905,"2003-09-05 00:00:00","CARGO TRANSPORT 5",8.99,1.49,"2003-09-14 00:00:00",150.7905,12.0632,3.7698,166.6235,"2003-09-19 00:00:00",3.00,0.00,3.00
427,0,4,261,32,370,3,43.554,130.662,"2003-09-05 00:00:00","OVERNIGHT J-FAST",21.95,1.29,"2003-09-14 00:00:00",764.19,61.1352,19.1048,844.43,"2003-09-19 00:00:00",3.00,0.00,3.00
427,0,4,261,32,369,3,39.2805,117.8415,"2003-09-05 00:00:00","OVERNIGHT J-FAST",21.95,1.29,"2003-09-14 00:00:00",764.19,61.1352,19.1048,844.43,"2003-09-19 00:00:00",3.00,0.00,3.00
427,0,4,261,32,368,3,41.3805,124.1415,"2003-09-05 00:00:00","OVERNIGHT J-FAST",21.95,1.29,"2003-09-14 00:00:00",764.19,61.1352,19.1048,844.43,"2003-09-19 00:00:00",3.00,0.00,3.00
427,0,4,261,32,367,3,45.654,136.962,"2003-09-05 00:00:00","OVERNIGHT J-FAST",21.95,1.29,"2003-09-14 00:00:00",764.19,61.1352,19.1048,844.43,"2003-09-19 00:00:00",3.00,0.00,3.00
427,0,4,261,32,366,3,41.3805,124.1415,"2003-09-05 00:00:00","OVERNIGHT J-FAST",21.95,1.29,"2003-09-14 00:00:00",764.19,61.1352,19.1048,844.43,"2003-09-19 00:00:00",3.00,0.00,3.00
427,0,4,261,32,365,3,43.4805,130.4415,"2003-09-05 00:00:00","OVERNIGHT J-FAST",21.95,1.29,"2003-09-14 00:00:00",764.19,61.1352,19.1048,844.43,"2003-09-19 00:00:00",3.00,0.00,3.00
428,0,4,264,38,530,550,16.086,8847.3,"2003-09-05 00:00:00","ZY - EXPRESS",9.95,1.99,"2003-09-14 00:00:00",8847.3,707.784,221.1825,9776.2665,"2003-09-19 00:00:00",550.00,0.00,550.00
429,0,4,244,85,4,3,57.0255,171.0765,"2003-09-05 00:00:00","CARGO TRANSPORT 5",8.99,1.49,"2003-09-14 00:00:00",171.0765,13.6861,4.2769,189.0395,"2003-09-19 00:00:00",3.00,0.00,3.00
430,0,4,231,92,512,550,37.086,20397.3,"2003-09-05 00:00:00","OVERNIGHT J-FAST",21.95,1.29,"2003-09-14 00:00:00",20397.3,1631.784,509.9325,22539.0165,"2003-09-19 00:00:00",550.00,0.00,550.00
431,0,4,241,11,513,550,26.5965,14628.075,"2003-09-05 00:00:00","OVERSEAS - DELUXE",29.95,2.99,"2003-09-14 00:00:00",14628.075,1170.246,365.7019,16164.0229,"2003-09-19 00:00:00",550.00,0.00,550.00
432,0,4,266,84,319,550,46.0635,25334.925,"2003-09-05 00:00:00","OVERNIGHT J-FAST",21.95,1.29,"2003-09-14 00:00:00",25334.925,2026.794,633.3731,27995.0921,"2003-09-19 00:00:00",550.00,82.00,468.00
433,1,4,164,78,410,3,41.1705,123.5115,"2003-09-06 00:00:00","CARGO TRANSPORT 5",8.99,1.49,"2003-09-15 00:00:00",395.955,31.6764,9.8989,437.5303,"2003-09-20 00:00:00",3.00,0.00,3.00
433,1,4,164,78,409,3,43.2705,129.8115,"2003-09-06 00:00:00","CARGO TRANSPORT 5",8.99,1.49,"2003-09-15 00:00:00",395.955,31.6764,9.8989,437.5303,"2003-09-20 00:00:00",3.00,0.00,3.00
433,1,4,164,78,408,3,47.544,142.632,"2003-09-06 00:00:00","CARGO TRANSPORT 5",8.99,1.49,"2003-09-15 00:00:00",395.955,31.6764,9.8989,437.5303,"2003-09-20 00:00:00",3.00,0.00,3.00
434,0,4,223,74,425,3,45.423,136.269,"2003-09-06 00:00:00","CARGO TRANSPORT 5",8.99,1.49,"2003-09-15 00:00:00",285.3585,22.8287,7.134,315.3212,"2003-09-20 00:00:00",3.00,0.00,3.00
434,0,4,223,74,424,3,49.6965,149.0895,"2003-09-06 00:00:00","CARGO TRANSPORT 5",8.99,1.49,"2003-09-15 00:00:00",285.3585,22.8287,7.134,315.3212,"2003-09-20 00:00:00",3.00,0.00,3.00
435,0,4,233,13,322,60,25.4205,1525.23,"2003-09-06 00:00:00","CARGO TRANSPORT 5",8.99,1.49,"2003-09-15 00:00:00",1796.0355,143.6828,44.9009,1984.6192,"2003-09-20 00:00:00",60.00,0.00,60.00
435,0,4,233,13,321,3,42.798,128.394,"2003-09-06 00:00:00","CARGO TRANSPORT 5",8.99,1.49,"2003-09-15 00:00:00",1796.0355,143.6828,44.9009,1984.6192,"2003-09-20 00:00:00",3.00,0.00,3.00
435,0,4,233,13,320,3,47.4705,142.4115,"2003-09-06 00:00:00","CARGO TRANSPORT 5",8.99,1.49,"2003-09-15 00:00:00",1796.0355,143.6828,44.9009,1984.6192,"2003-09-20 00:00:00",3.00,0.00,3.00
436,0,4,238,51,441,3,39.123,117.369,"2003-09-06 00:00:00","OVERNIGHT J-FAST",21.95,1.29,"2003-09-15 00:00:00",501.1965,40.0957,12.5299,553.8221,"2003-09-20 00:00:00",3.00,0.00,3.00
436,0,4,238,51,440,3,41.223,123.669,"2003-09-06 00:00:00","OVERNIGHT J-FAST",21.95,1.29,"2003-09-15 00:00:00",501.1965,40.0957,12.5299,553.8221,"2003-09-20 00:00:00",3.00,0.00,3.00
436,0,4,238,51,439,3,45.4965,136.4895,"2003-09-06 00:00:00","OVERNIGHT J-FAST",21.95,1.29,"2003-09-15 00:00:00",501.1965,40.0957,12.5299,553.8221,"2003-09-20 00:00:00",3.00,0.00,3.00
436,0,4,238,51,438,3,41.223,123.669,"2003-09-06 00:00:00","OVERNIGHT J-FAST",21.95,1.29,"2003-09-15 00:00:00",501.1965,40.0957,12.5299,553.8221,"2003-09-20 00:00:00",3.00,0.00,3.00
437,0,4,261,80,941,550,62.9895,34644.225,"2003-09-06 00:00:00","CARGO TRANSPORT 5",8.99,1.49,"2003-09-15 00:00:00",34644.225,2771.538,866.1056,38281.8686,"2003-09-20 00:00:00",550.00,0.00,550.00
438,0,4,274,47,322,60,26.3655,1581.93,"2003-09-06 00:00:00","OVERNIGHT J-FAST",21.95,1.29,"2003-09-15 00:00:00",1839.5055,147.1604,45.9876,2032.6535,"2003-09-20 00:00:00",60.00,0.00,60.00
438,0,4,274,47,321,3,40.488,121.464,"2003-09-06 00:00:00","OVERNIGHT J-FAST",21.95,1.29,"2003-09-15 00:00:00",1839.5055,147.1604,45.9876,2032.6535,"2003-09-20 00:00:00",3.00,0.00,3.00
438,0,4,274,47,320,3,45.3705,136.1115,"2003-09-06 00:00:00","OVERNIGHT J-FAST",21.95,1.29,"2003-09-15 00:00:00",1839.5055,147.1604,45.9876,2032.6535,"2003-09-20 00:00:00",3.00,0.00,3.00
439,0,4,244,81,504,3,48.762,146.286,"2003-09-06 00:00:00","CARGO TRANSPORT 5",8.99,1.49,"2003-09-15 00:00:00",146.286,11.7029,3.6572,161.6461,"2003-09-20 00:00:00",3.00,0.00,3.00
440,0,4,231,46,497,3,34.188,102.564,"2003-09-06 00:00:00","CARGO TRANSPORT 5",8.99,1.49,"2003-09-15 00:00:00",102.564,8.2051,2.5641,113.3332,"2003-09-20 00:00:00",3.00,0.00,3.00
441,0,4,241,21,323,3,50.2635,150.7905,"2003-09-06 00:00:00","CARGO TRANSPORT 5",8.99,1.49,"2003-09-15 00:00:00",150.7905,12.0632,3.7698,166.6235,"2003-09-20 00:00:00",3.00,0.00,3.00
442,0,4,266,27,524,550,14.1225,7767.375,"2003-09-06 00:00:00","CARGO TRANSPORT 5",8.99,1.49,"2003-09-15 00:00:00",13669.425,1093.554,341.7356,15104.7146,"2003-09-20 00:00:00",550.00,0.00,550.00
442,0,4,266,27,523,550,10.731,5902.05,"2003-09-06 00:00:00","CARGO TRANSPORT 5",8.99,1.49,"2003-09-15 00:00:00",13669.425,1093.554,341.7356,15104.7146,"2003-09-20 00:00:00",550.00,82.00,468.00
443,0,4,164,86,494,60,53.2035,3192.21,"2003-09-06 00:00:00","CARGO TRANSPORT 5",8.99,1.49,"2003-09-15 00:00:00",9637.11,770.9688,240.9278,10649.0066,"2003-09-20 00:00:00",60.00,0.00,60.00
443,0,4,164,86,493,60,57.1515,3429.09,"2003-09-06 00:00:00","CARGO TRANSPORT 5",8.99,1.49,"2003-09-15 00:00:00",9637.11,770.9688,240.9278,10649.0066,"2003-09-20 00:00:00",60.00,0.00,60.00
443,0,4,164,86,492,60,50.2635,3015.81,"2003-09-06 00:00:00","CARGO TRANSPORT 5",8.99,1.49,"2003-09-15 00:00:00",9637.11,770.9688,240.9278,10649.0066,"2003-09-20 00:00:00",60.00,0.00,60.00
444,0,4,223,45,911,550,21.0945,11601.975,"2003-09-06 00:00:00","OVERNIGHT J-FAST",21.95,1.29,"2003-09-15 00:00:00",34118.7,2729.496,852.9675,37701.1635,"2003-09-20 00:00:00",550.00,0.00,550.00
444,0,4,223,45,910,550,40.9395,22516.725,"2003-09-06 00:00:00","OVERNIGHT J-FAST",21.95,1.29,"2003-09-15 00:00:00",34118.7,2729.496,852.9675,37701.1635,"2003-09-20 00:00:00",550.00,0.00,550.00
445,0,4,233,93,506,60,9.198,551.88,"2003-09-06 00:00:00","XRQ - TRUCK GROUND",3.95,0.99,"2003-09-15 00:00:00",551.88,44.1504,13.797,609.8274,"2003-09-20 00:00:00",60.00,0.00,60.00
446,0,4,238,64,679,550,5.775,3176.25,"2003-09-06 00:00:00","XRQ - TRUCK GROUND",3.95,0.99,"2003-09-15 00:00:00",6987.75,559.02,174.6938,7721.4638,"2003-09-20 00:00:00",550.00,0.00,550.00
446,0,4,238,64,352,550,1.155,635.25,"2003-09-06 00:00:00","XRQ - TRUCK GROUND",3.95,0.99,"2003-09-15 00:00:00",6987.75,559.02,174.6938,7721.4638,"2003-09-20 00:00:00",550.00,0.00,550.00
446,0,4,238,64,351,550,5.775,3176.25,"2003-09-06 00:00:00","XRQ - TRUCK GROUND",3.95,0.99,"2003-09-15 00:00:00",6987.75,559.02,174.6938,7721.4638,"2003-09-20 00:00:00",468.00,0.00,468.00
447,0,4,261,4,508,550,27.6465,15205.575,"2003-09-06 00:00:00","ZY - EXPRESS",9.95,1.99,"2003-09-15 00:00:00",28072.275,2245.782,701.8069,31019.8639,"2003-09-20 00:00:00",550.00,0.00,550.00
447,0,4,261,4,507,550,23.394,12866.7,"2003-09-06 00:00:00","ZY - EXPRESS",9.95,1.99,"2003-09-15 00:00:00",28072.275,2245.782,701.8069,31019.8639,"2003-09-20 00:00:00",550.00,0.00,550.00
448,0,4,264,17,535,550,3.486,1917.3,"2003-09-06 00:00:00","XRQ - TRUCK GROUND",3.95,0.99,"2003-09-15 00:00:00",37312.275,2984.982,932.8069,41230.0639,"2003-09-20 00:00:00",550.00,0.00,550.00
448,0,4,264,17,940,550,62.9895,34644.225,"2003-09-06 00:00:00","XRQ - TRUCK GROUND",3.95,0.99,"2003-09-15 00:00:00",37312.275,2984.982,932.8069,41230.0639,"2003-09-20 00:00:00",550.00,0.00,550.00
448,0,4,264,17,355,550,1.365,750.75,"2003-09-06 00:00:00","XRQ - TRUCK GROUND",3.95,0.99,"2003-09-15 00:00:00",37312.275,2984.982,932.8069,41230.0639,"2003-09-20 00:00:00",550.00,0.00,550.00
449,0,4,274,12,679,550,6.195,3407.25,"2003-09-07 00:00:00","XRQ - TRUCK GROUND",3.95,0.99,"2003-09-16 00:00:00",7623,609.84,190.575,8423.415,"2003-09-21 00:00:00",550.00,0.00,550.00
449,0,4,274,12,352,550,1.47,808.5,"2003-09-07 00:00:00","XRQ - TRUCK GROUND",3.95,0.99,"2003-09-16 00:00:00",7623,609.84,190.575,8423.415,"2003-09-21 00:00:00",550.00,0.00,550.00
449,0,4,274,12,351,550,6.195,3407.25,"2003-09-07 00:00:00","XRQ - TRUCK GROUND",3.95,0.99,"2003-09-16 00:00:00",7623,609.84,190.575,8423.415,"2003-09-21 00:00:00",550.00,0.00,550.00
450,0,4,231,44,508,550,29.2845,16106.475,"2003-09-07 00:00:00","ZY - EXPRESS",9.95,1.99,"2003-09-16 00:00:00",28297.5,2263.8,707.4375,31268.7375,"2003-09-21 00:00:00",550.00,55.00,495.00
450,0,4,231,44,507,550,22.1655,12191.025,"2003-09-07 00:00:00","ZY - EXPRESS",9.95,1.99,"2003-09-16 00:00:00",28297.5,2263.8,707.4375,31268.7375,"2003-09-21 00:00:00",550.00,0.00,550.00
451,0,4,241,30,491,3,19.9815,59.9445,"2003-09-07 00:00:00","ZY - EXPRESS",9.95,1.99,"2003-09-16 00:00:00",59.9445,4.7956,1.4986,66.2387,"2003-09-21 00:00:00",3.00,0.00,3.00
452,0,4,266,8,347,3,36.9705,110.9115,"2003-09-07 00:00:00","OVERNIGHT J-FAST",21.95,1.29,"2003-09-16 00:00:00",234.6435,18.7715,5.8661,259.2811,"2003-09-21 00:00:00",3.00,0.00,3.00
452,0,4,266,8,346,3,41.244,123.732,"2003-09-07 00:00:00","OVERNIGHT J-FAST",21.95,1.29,"2003-09-16 00:00:00",234.6435,18.7715,5.8661,259.2811,"2003-09-21 00:00:00",3.00,0.00,3.00
453,0,4,164,73,936,550,48.2895,26559.225,"2003-09-07 00:00:00","CARGO TRANSPORT 5",8.99,1.49,"2003-09-16 00:00:00",43878.45,3510.276,1096.9613,48485.6873,"2003-09-21 00:00:00",550.00,0.00,550.00
453,0,4,164,73,935,550,31.4895,17319.225,"2003-09-07 00:00:00","CARGO TRANSPORT 5",8.99,1.49,"2003-09-16 00:00:00",43878.45,3510.276,1096.9613,48485.6873,"2003-09-21 00:00:00",550.00,0.00,550.00
454,0,4,223,76,376,3,39.0705,117.2115,"2003-09-07 00:00:00","OVERNIGHT J-FAST",21.95,1.29,"2003-09-16 00:00:00",247.2435,19.7795,6.1811,273.2041,"2003-09-21 00:00:00",3.00,0.00,3.00
454,0,4,223,76,375,3,43.344,130.032,"2003-09-07 00:00:00","OVERNIGHT J-FAST",21.95,1.29,"2003-09-16 00:00:00",247.2435,19.7795,6.1811,273.2041,"2003-09-21 00:00:00",3.00,0.00,3.00
455,0,4,233,77,489,550,10.4685,5757.675,"2003-09-07 00:00:00","ZY - EXPRESS",9.95,1.99,"2003-09-16 00:00:00",49376.25,3950.1,1234.4063,54560.7563,"2003-09-21 00:00:00",550.00,0.00,550.00
455,0,4,233,77,488,550,8.862,4874.1,"2003-09-07 00:00:00","ZY - EXPRESS",9.95,1.99,"2003-09-16 00:00:00",49376.25,3950.1,1234.4063,54560.7563,"2003-09-21 00:00:00",550.00,0.00,550.00
455,0,4,233,77,487,550,5.8065,3193.575,"2003-09-07 00:00:00","ZY - EXPRESS",9.95,1.99,"2003-09-16 00:00:00",49376.25,3950.1,1234.4063,54560.7563,"2003-09-21 00:00:00",550.00,0.00,550.00
